date,zone,aqi,pm25,pm10,co,no2,so2,o3,wind_speed_kmh,temperature_c,humidity_percent,traffic_contribution_percent,industry_contribution_percent,construction_contribution_percent
2025-11-30,Zone A,127.41,31.82,84.94,1.21,30.44,13.32,77.7,12.2,24.0,48.9,41.7,39.8,13.9
2025-12-01,Zone A,146.28,43.4,97.52,0.83,42.92,22.22,54.52,7.6,34.7,60.8,37.3,27.1,12.3
2025-12-02,Zone A,161.25,43.47,107.5,1.99,51.01,12.97,68.2,6.5,38.8,39.8,48.8,26.4,18.1
2025-12-03,Zone A,132.69,29.01,88.46,1.58,57.76,20.23,36.59,17.1,27.9,71.5,41.9,27.0,17.9
2025-12-04,Zone A,156.08,32.01,104.05,1.75,42.96,19.8,49.41,11.4,35.7,54.1,31.7,31.9,17.7
2025-12-05,Zone A,162.63,42.24,108.42,0.76,28.31,20.76,51.41,8.5,37.7,63.4,50.0,24.5,22.6
2025-12-06,Zone A,169.29,39.62,112.86,0.86,58.68,8.87,61.67,5.7,22.9,56.7,37.9,35.0,20.4
2025-12-07,Zone A,101.93,23.85,67.95,0.84,42.58,13.97,56.75,23.2,25.8,48.9,35.1,34.9,21.9
2025-12-08,Zone A,95.17,24.34,63.45,0.77,24.41,21.41,70.37,22.9,22.7,66.6,41.9,33.8,14.2
2025-12-09,Zone A,159.43,35.82,106.29,1.13,55.34,5.19,68.59,6.7,24.7,31.4,45.3,37.0,13.4
2025-12-10,Zone A,161.04,40.39,107.36,2.35,49.77,7.84,50.9,7.7,32.6,71.6,48.3,35.8,17.7
2025-12-11,Zone A,135.81,32.82,90.54,2.5,53.0,5.32,31.74,18.7,38.1,41.1,43.8,24.9,15.2
2025-12-12,Zone A,141.89,31.72,94.6,1.69,50.74,12.34,69.72,16.6,27.9,40.1,39.8,37.2,12.1
2025-12-13,Zone A,112.06,26.57,74.71,2.46,53.94,17.67,59.04,22.7,22.4,51.1,35.0,39.8,18.8
2025-12-14,Zone A,124.19,33.51,82.79,2.29,44.02,13.73,70.06,14.6,38.0,52.3,45.4,30.6,16.2
2025-12-15,Zone A,113.06,27.55,75.37,1.38,56.93,17.38,42.85,17.4,39.2,50.9,34.3,30.6,22.6
2025-12-16,Zone A,136.15,33.16,90.76,1.99,25.4,22.05,62.16,18.0,20.9,39.0,44.0,34.8,20.9
2025-12-17,Zone A,109.55,21.19,73.03,1.18,44.38,24.73,52.87,25.0,20.2,45.1,36.2,28.1,24.3
2025-12-18,Zone A,192.18,38.91,128.12,1.24,35.05,22.05,77.84,5.4,23.7,55.5,39.7,39.8,10.1
2025-12-19,Zone A,159.9,41.12,106.6,0.81,38.97,18.22,79.04,6.3,34.6,48.0,35.3,24.2,21.3
2025-12-20,Zone A,117.4,26.81,78.27,1.55,47.42,10.75,40.26,19.1,28.1,69.2,45.6,36.7,11.8
2025-12-21,Zone A,102.92,21.8,68.61,2.44,46.53,13.47,51.3,24.3,30.0,82.2,49.2,28.2,20.5
2025-12-22,Zone A,144.48,37.67,96.32,0.85,53.84,7.3,46.17,9.2,31.3,81.6,39.0,28.6,13.5
2025-12-23,Zone A,96.08,27.6,64.05,2.31,40.32,5.72,49.8,23.3,38.1,35.3,31.6,39.4,21.2
2025-12-24,Zone A,145.5,31.91,97.0,1.6,59.52,8.98,33.35,16.8,25.2,74.3,38.0,25.9,10.2
2025-12-25,Zone A,156.02,44.46,104.01,1.78,38.89,22.88,68.07,8.9,21.0,77.5,42.0,37.0,17.5
2025-12-26,Zone A,129.44,36.06,86.29,1.73,51.1,6.23,38.04,11.8,20.8,73.6,38.0,27.8,18.9
2025-12-27,Zone A,115.57,30.39,77.05,1.46,36.93,10.79,42.51,20.2,28.7,77.4,48.8,34.3,22.9
2025-12-28,Zone A,91.59,23.88,61.06,0.97,26.89,14.4,44.73,23.3,28.6,60.6,44.6,33.9,24.2
2025-12-29,Zone A,146.92,33.71,97.95,1.97,26.22,24.55,65.29,9.8,29.1,78.4,40.0,24.0,16.2
2025-12-30,Zone A,145.14,33.43,96.76,2.26,34.62,6.91,71.07,13.2,40.0,69.1,36.3,35.5,11.1
2025-12-31,Zone A,172.54,44.72,115.03,2.05,47.63,17.51,75.25,8.1,20.8,59.4,49.1,34.8,19.4
2026-01-01,Zone A,136.05,35.94,90.7,1.29,42.64,12.49,54.29,14.3,24.9,48.3,44.8,33.7,24.9
2026-01-02,Zone A,104.55,25.79,69.7,2.04,28.42,19.85,30.24,24.1,31.8,34.2,32.7,28.7,23.3
2026-01-03,Zone A,99.58,24.43,66.38,2.5,52.64,9.52,46.29,22.9,32.2,87.5,44.4,23.0,14.2
2026-01-04,Zone A,108.89,22.14,72.59,1.72,23.97,7.64,77.97,23.8,26.5,32.0,42.5,30.5,21.7
2026-01-05,Zone A,124.58,31.49,83.05,0.65,23.95,22.47,73.89,17.7,25.1,85.7,38.6,24.6,19.9
2026-01-06,Zone A,137.14,31.92,91.43,0.88,47.69,8.97,37.94,18.8,20.6,44.4,36.0,37.7,12.3
2026-01-07,Zone A,144.34,41.65,96.22,2.08,36.53,19.76,34.93,9.9,33.0,31.9,33.2,22.3,24.7
2026-01-08,Zone A,135.63,28.86,90.42,1.79,26.99,9.17,30.55,18.5,27.6,58.3,41.0,31.2,18.0
2026-01-09,Zone A,155.37,36.93,103.58,2.31,51.29,15.31,53.66,13.2,36.9,54.6,44.8,34.4,21.4
2026-01-10,Zone A,118.53,29.42,79.02,1.7,28.23,8.16,38.34,20.9,32.9,52.1,41.0,21.1,13.3
2026-01-11,Zone A,182.37,45.94,121.58,1.32,38.25,14.88,48.67,6.1,36.4,31.5,38.6,21.5,16.9
2026-01-12,Zone A,119.69,29.85,79.79,0.72,32.91,8.99,66.94,14.1,25.6,70.2,42.5,22.9,12.3
2026-01-13,Zone A,143.0,33.86,95.34,1.01,39.14,20.29,79.75,12.1,32.3,67.4,32.5,29.6,16.0
2026-01-14,Zone A,154.34,30.45,102.89,1.45,49.33,12.3,42.45,13.6,38.3,72.3,31.2,23.5,22.0
2026-01-15,Zone A,121.31,29.99,80.87,0.83,48.62,22.86,75.15,19.6,28.7,45.0,45.0,33.4,14.1
2026-01-16,Zone A,117.98,37.05,78.65,0.7,32.77,13.64,63.58,14.4,25.0,87.1,43.7,31.5,10.6
2026-01-17,Zone A,152.5,41.51,101.67,2.12,30.36,24.55,56.3,5.3,30.4,78.8,39.9,32.7,11.9
2026-01-18,Zone A,92.09,25.82,61.39,1.44,36.02,24.28,48.83,23.9,30.7,36.0,39.3,33.5,19.0
2026-01-19,Zone A,178.18,43.89,118.79,1.85,36.46,21.86,67.28,6.3,35.0,61.6,31.3,28.0,20.0
2026-01-20,Zone A,157.95,41.91,105.3,2.4,32.18,16.24,48.74,10.3,24.0,86.1,40.5,35.1,24.4
2026-01-21,Zone A,154.93,33.58,103.29,0.77,55.0,8.37,68.08,13.1,24.3,77.3,32.1,38.2,16.1
2026-01-22,Zone A,129.62,36.45,86.41,0.71,33.59,11.73,33.03,11.2,33.1,63.2,34.3,20.9,13.8
2026-01-23,Zone A,141.9,32.89,94.6,1.54,48.92,16.11,35.47,13.1,27.4,83.1,48.0,37.4,15.8
2026-01-24,Zone A,126.54,27.23,84.36,2.17,55.83,19.32,51.4,20.7,38.3,76.0,45.1,36.4,10.9
2026-01-25,Zone A,104.04,27.38,69.36,1.21,56.16,24.66,79.94,24.2,30.5,76.6,47.5,27.0,18.0
2026-01-26,Zone A,141.39,34.76,94.26,1.52,25.78,5.88,71.51,16.4,34.9,87.7,33.1,37.2,16.7
2026-01-27,Zone A,139.88,36.0,93.25,1.01,44.02,23.04,75.73,12.9,30.7,46.6,48.1,22.0,11.6
2026-01-28,Zone A,141.05,33.49,94.04,1.92,37.45,22.52,41.85,13.7,21.5,88.1,37.9,24.4,13.4
2026-01-29,Zone A,117.7,31.5,78.46,1.03,31.43,8.08,30.39,19.1,38.5,67.3,45.9,33.5,18.5
2026-01-30,Zone A,153.69,37.16,102.46,2.16,52.62,20.95,73.48,13.2,39.5,60.6,40.2,31.7,12.4
2026-01-31,Zone A,157.44,39.26,104.96,1.04,44.51,6.63,59.39,7.6,21.9,74.4,32.9,37.7,24.7
2026-02-01,Zone A,130.71,37.68,87.14,0.87,59.0,17.75,71.01,13.3,38.4,86.4,33.8,27.1,14.7
2026-02-02,Zone A,97.38,22.8,64.92,1.4,48.44,22.04,39.94,24.3,38.7,86.2,35.7,26.5,23.9
2026-02-03,Zone A,154.92,39.74,103.28,0.62,39.41,22.62,75.02,11.0,36.7,66.0,47.8,34.6,19.0
2026-02-04,Zone A,91.89,22.5,61.26,1.8,29.32,9.99,44.45,23.4,35.9,59.4,45.6,29.6,24.4
2026-02-05,Zone A,120.81,30.78,80.54,1.16,46.38,20.99,35.49,18.5,24.9,36.8,34.7,33.6,16.1
2026-02-06,Zone A,149.43,38.17,99.62,1.42,51.13,12.38,43.3,8.2,27.5,48.0,43.1,30.6,18.0
2026-02-07,Zone A,151.01,39.29,100.67,1.4,30.49,6.6,67.74,12.7,38.0,66.5,47.1,21.4,14.5
2026-02-08,Zone A,162.23,34.02,108.16,1.32,49.76,11.38,74.07,9.6,26.7,88.5,34.9,29.2,22.9
2026-02-09,Zone A,118.34,27.77,78.9,1.21,25.44,8.4,31.21,16.7,20.1,47.3,31.8,34.3,23.1
2026-02-10,Zone A,107.31,28.6,71.54,1.14,54.05,23.15,50.5,23.3,22.7,75.9,31.2,25.5,18.5
2026-02-11,Zone A,187.67,46.48,125.12,2.06,56.08,18.67,64.09,6.1,34.3,44.8,41.4,31.0,14.5
2026-02-12,Zone A,101.19,25.86,67.46,0.88,55.43,5.95,61.55,23.3,21.1,58.4,31.8,25.5,16.9
2026-02-13,Zone A,158.28,39.01,105.52,2.41,55.94,5.08,42.41,13.5,35.8,43.5,39.3,23.8,10.6
2026-02-14,Zone A,160.58,40.22,107.05,2.34,27.43,13.75,40.13,9.7,33.4,51.5,34.4,37.4,14.4
2026-02-15,Zone A,165.0,39.27,110.0,1.19,55.68,10.53,74.33,11.9,22.6,68.3,36.7,36.3,18.8
2026-02-16,Zone A,97.86,21.3,65.24,2.06,55.7,15.58,69.14,24.5,28.5,48.3,32.6,33.6,24.9
2026-02-17,Zone A,144.99,44.27,96.66,2.08,23.22,15.51,77.18,7.4,24.7,83.8,37.6,24.4,14.8
2026-02-18,Zone A,135.3,37.1,90.2,1.35,42.59,18.28,55.17,13.5,37.4,73.4,45.2,26.7,13.4
2026-02-19,Zone A,157.9,33.37,105.26,1.5,47.82,21.53,34.34,13.9,25.9,40.2,49.9,39.3,17.5
2026-02-20,Zone A,145.91,38.03,97.27,1.12,32.48,8.36,32.85,8.1,32.4,64.6,49.8,26.3,18.2
2026-02-21,Zone A,117.84,29.61,78.56,1.35,25.9,17.24,58.43,19.4,25.8,80.7,46.0,21.7,22.1
2026-02-22,Zone A,144.68,35.06,96.45,0.65,40.37,19.14,65.05,8.8,28.5,51.6,46.3,29.3,11.2
2026-02-23,Zone A,106.07,27.1,70.71,0.69,29.56,11.84,67.07,18.8,28.0,47.6,47.5,24.3,16.1
2026-02-24,Zone A,121.75,27.89,81.17,0.67,55.76,6.89,46.58,18.2,37.0,60.6,36.4,30.7,18.5
2026-02-25,Zone A,158.7,37.97,105.8,1.27,45.16,14.84,69.59,8.7,31.7,45.8,41.6,22.5,24.9
2026-02-26,Zone A,146.11,42.68,97.4,2.4,51.69,21.57,39.27,10.5,30.6,39.8,41.3,37.1,17.4
2026-02-27,Zone A,138.48,37.61,92.32,1.24,42.31,10.72,42.67,13.3,36.0,47.2,40.6,37.2,13.5
2025-11-30,Zone B,80.8,29.81,53.86,2.2,40.99,12.28,55.45,24.3,26.8,82.3,49.7,22.6,16.2
2025-12-01,Zone B,128.56,49.09,85.71,0.85,51.06,5.84,30.93,9.9,35.3,86.7,35.3,39.2,23.3
2025-12-02,Zone B,144.3,52.95,96.2,0.84,24.36,20.73,69.88,5.1,28.2,34.8,38.3,33.9,21.8
2025-12-03,Zone B,112.29,45.93,74.86,1.08,57.11,20.02,70.22,13.3,35.1,34.3,46.9,20.7,19.4
2025-12-04,Zone B,100.5,41.87,67.0,2.33,44.69,8.87,53.69,16.5,35.7,77.7,40.8,20.8,12.9
2025-12-05,Zone B,94.96,37.44,63.3,1.06,48.32,19.06,51.89,13.6,29.5,44.5,34.6,23.5,24.2
2025-12-06,Zone B,91.07,31.0,60.71,1.62,34.79,18.29,46.42,21.8,31.3,74.7,39.0,38.9,23.7
2025-12-07,Zone B,114.16,48.19,76.11,1.64,26.05,20.37,40.73,8.4,32.2,51.2,42.9,29.0,11.5
2025-12-08,Zone B,68.38,30.38,45.58,1.96,54.25,6.33,50.99,24.9,32.0,62.5,32.6,38.8,16.3
2025-12-09,Zone B,72.38,33.91,48.25,0.6,32.21,10.77,44.1,22.4,30.7,40.3,42.9,38.6,17.2
2025-12-10,Zone B,122.75,53.35,81.83,0.93,23.74,8.42,31.43,8.8,35.7,78.9,45.9,32.9,11.5
2025-12-11,Zone B,123.75,50.44,82.5,2.39,49.24,23.09,36.2,6.2,23.2,81.4,45.6,33.0,10.5
2025-12-12,Zone B,109.26,39.22,72.84,1.88,37.67,22.12,41.95,13.9,22.2,54.4,42.1,29.4,15.5
2025-12-13,Zone B,129.07,51.24,86.05,0.92,22.49,12.18,46.57,8.3,26.7,86.1,34.9,21.5,21.8
2025-12-14,Zone B,129.17,56.25,86.11,1.59,20.72,22.89,62.98,6.5,25.3,53.5,33.9,24.2,15.7
2025-12-15,Zone B,95.63,38.6,63.75,0.66,50.85,19.86,51.65,17.3,36.5,39.8,36.3,39.3,19.6
2025-12-16,Zone B,91.86,35.95,61.24,1.81,49.76,12.86,61.71,16.9,38.1,67.9,48.8,21.7,17.2
2025-12-17,Zone B,114.6,47.08,76.4,1.19,22.45,9.17,33.41,6.2,39.0,49.4,45.7,27.0,12.5
2025-12-18,Zone B,95.41,38.18,63.61,1.87,30.76,14.81,76.56,16.7,21.4,48.9,39.1,31.1,20.7
2025-12-19,Zone B,85.06,34.7,56.7,1.86,28.69,11.3,41.53,23.1,36.6,50.4,44.6,39.4,14.1
2025-12-20,Zone B,122.0,48.35,81.33,2.02,47.34,20.41,31.78,13.0,29.4,44.1,32.5,22.4,17.5
2025-12-21,Zone B,88.2,35.49,58.8,1.44,44.48,13.32,68.81,17.6,21.7,84.9,36.0,36.9,18.0
2025-12-22,Zone B,85.88,30.72,57.25,1.21,58.59,15.92,41.39,19.8,29.6,36.8,46.1,37.0,20.9
2025-12-23,Zone B,75.97,37.42,50.65,0.55,23.89,10.35,71.8,20.7,22.5,58.9,43.6,31.1,12.4
2025-12-24,Zone B,76.3,29.99,50.86,2.3,34.25,5.27,58.42,23.1,35.1,57.4,43.7,21.1,17.0
2025-12-25,Zone B,113.73,42.85,75.82,2.19,42.93,6.39,60.54,11.3,22.3,59.8,39.0,32.8,21.8
2025-12-26,Zone B,116.53,55.53,77.69,1.72,38.92,5.59,46.69,6.9,36.0,78.7,32.7,34.1,12.4
2025-12-27,Zone B,103.09,36.76,68.73,1.12,52.32,8.95,79.94,16.9,21.4,42.5,42.3,23.4,20.7
2025-12-28,Zone B,104.67,37.49,69.78,1.27,28.91,23.51,35.61,13.9,29.8,58.1,32.4,37.6,11.1
2025-12-29,Zone B,83.78,38.01,55.86,2.31,31.46,13.94,70.86,20.3,27.0,46.2,30.6,38.5,10.5
2025-12-30,Zone B,90.65,34.94,60.43,1.15,34.87,6.94,55.46,22.3,26.5,58.9,45.1,24.8,12.0
2025-12-31,Zone B,139.04,44.64,92.69,1.47,29.96,7.3,67.96,6.6,20.2,53.9,44.9,26.5,10.6
2026-01-01,Zone B,67.27,31.8,44.85,2.37,33.43,15.66,34.77,24.9,39.8,81.0,42.4,36.5,11.8
2026-01-02,Zone B,103.89,42.88,69.26,2.4,20.77,11.74,49.37,16.3,26.6,60.6,47.7,38.0,15.2
2026-01-03,Zone B,73.75,30.63,49.17,0.88,23.55,19.46,62.52,22.0,20.5,58.4,47.0,34.8,12.0
2026-01-04,Zone B,123.82,36.87,82.55,1.13,53.5,6.22,32.16,13.5,21.2,30.3,48.4,35.0,18.0
2026-01-05,Zone B,130.83,48.89,87.22,1.18,58.63,19.66,61.06,5.6,33.2,57.1,40.2,38.6,17.4
2026-01-06,Zone B,82.7,31.38,55.13,0.77,28.59,12.89,66.93,23.3,27.1,50.9,44.3,30.5,15.8
2026-01-07,Zone B,98.48,28.71,65.65,1.99,38.34,9.37,39.26,21.4,26.6,76.9,46.2,20.1,16.5
2026-01-08,Zone B,140.56,48.66,93.71,0.57,27.68,20.12,62.79,9.1,24.1,82.8,30.1,39.4,15.7
2026-01-09,Zone B,88.45,38.36,58.97,1.38,46.74,17.96,63.28,20.7,28.2,67.6,45.4,33.0,16.2
2026-01-10,Zone B,91.08,40.11,60.72,1.18,38.03,19.59,38.13,16.5,28.7,73.0,45.3,32.7,15.7
2026-01-11,Zone B,74.89,31.4,49.92,2.09,32.13,15.94,72.52,24.1,22.1,68.7,42.2,26.8,10.5
2026-01-12,Zone B,144.25,47.64,96.17,1.87,20.83,16.62,76.66,6.9,21.8,84.4,31.8,30.8,14.8
2026-01-13,Zone B,89.49,34.32,59.66,1.86,45.92,18.54,31.0,19.3,26.4,48.3,33.7,38.7,13.3
2026-01-14,Zone B,113.11,47.7,75.41,1.22,35.97,15.61,38.44,11.5,39.9,89.5,48.1,20.2,16.1
2026-01-15,Zone B,99.32,37.97,66.21,1.49,25.67,8.33,30.42,17.1,25.6,31.7,44.3,31.8,18.8
2026-01-16,Zone B,92.56,39.95,61.71,2.32,44.91,14.3,73.25,17.2,29.6,52.0,30.2,25.5,20.6
2026-01-17,Zone B,109.53,40.38,73.02,2.48,36.87,6.01,60.97,10.0,25.2,77.5,38.3,34.6,14.1
2026-01-18,Zone B,105.57,42.3,70.38,0.62,51.53,9.78,56.98,11.8,29.2,55.3,47.5,31.6,24.5
2026-01-19,Zone B,131.65,52.81,87.76,1.46,41.78,10.92,47.37,5.8,31.3,33.1,30.6,20.1,19.7
2026-01-20,Zone B,94.34,37.15,62.89,1.96,21.7,16.89,31.37,14.9,38.4,65.7,42.9,28.3,11.6
2026-01-21,Zone B,75.57,30.65,50.38,1.65,37.06,17.68,45.99,23.6,38.5,73.4,39.7,35.3,18.6
2026-01-22,Zone B,101.78,43.74,67.86,1.41,46.84,9.03,50.28,12.9,33.9,75.1,43.7,24.9,20.4
2026-01-23,Zone B,83.16,34.23,55.44,1.95,30.83,19.74,67.33,22.6,36.5,76.5,37.3,27.1,21.9
2026-01-24,Zone B,100.74,36.32,67.16,0.51,37.46,21.5,55.73,19.9,25.9,50.2,39.6,24.2,18.0
2026-01-25,Zone B,84.02,33.06,56.01,1.04,31.77,8.87,66.64,23.1,38.1,67.1,47.7,27.7,24.3
2026-01-26,Zone B,108.6,41.06,72.4,1.77,28.18,19.2,54.09,13.3,38.5,69.6,46.1,37.2,23.4
2026-01-27,Zone B,92.22,31.23,61.48,1.71,59.92,18.55,49.12,21.5,39.1,89.2,39.1,37.9,12.0
2026-01-28,Zone B,75.42,36.97,50.28,2.04,52.99,20.38,60.19,21.7,23.8,68.4,35.9,33.5,22.5
2026-01-29,Zone B,137.38,44.07,91.59,1.45,48.65,19.02,67.24,8.6,28.4,59.4,30.3,29.2,10.4
2026-01-30,Zone B,94.81,41.83,63.21,1.44,22.51,8.34,33.27,15.4,29.5,79.2,38.8,39.3,10.2
2026-01-31,Zone B,126.63,39.71,84.42,2.04,38.25,10.01,69.89,10.4,35.1,55.3,47.9,34.0,12.1
2026-02-01,Zone B,98.34,34.4,65.56,0.83,59.49,17.65,64.16,19.2,25.7,43.6,41.1,28.5,20.8
2026-02-02,Zone B,103.65,43.61,69.1,1.88,27.96,19.86,43.98,15.6,36.2,58.3,35.6,25.0,22.7
2026-02-03,Zone B,69.99,29.42,46.66,0.78,41.34,17.26,43.8,23.9,36.3,77.5,31.1,29.6,24.9
2026-02-04,Zone B,116.0,35.05,77.33,0.71,28.67,9.41,65.36,16.1,29.3,45.6,45.7,36.6,22.8
2026-02-05,Zone B,115.42,43.27,76.94,0.99,21.26,16.54,79.72,12.5,25.4,40.6,31.1,25.0,20.7
2026-02-06,Zone B,118.98,35.4,79.32,2.24,53.73,20.33,66.76,14.9,21.4,59.1,30.5,36.5,19.1
2026-02-07,Zone B,76.73,34.66,51.16,2.03,57.49,18.53,45.14,22.6,27.6,85.8,39.0,20.5,17.0
2026-02-08,Zone B,121.45,44.15,80.97,1.05,25.74,15.13,37.36,9.8,39.1,49.0,45.8,28.9,16.0
2026-02-09,Zone B,78.68,35.57,52.45,1.33,55.7,21.87,33.13,22.6,21.0,72.5,33.8,24.9,11.7
2026-02-10,Zone B,134.01,49.28,89.34,2.28,21.96,20.33,59.44,5.6,22.7,90.0,37.0,20.7,24.1
2026-02-11,Zone B,130.97,39.41,87.32,1.16,30.07,7.53,40.42,11.7,22.1,79.7,43.1,22.4,23.8
2026-02-12,Zone B,103.36,41.86,68.9,2.34,43.22,23.16,37.58,14.1,27.2,40.8,40.2,29.4,19.5
2026-02-13,Zone B,114.56,43.02,76.37,0.68,32.35,24.29,42.92,7.3,25.1,85.4,33.1,39.0,21.9
2026-02-14,Zone B,90.35,34.99,60.24,2.45,35.2,5.61,47.17,21.6,29.6,35.1,33.8,27.2,19.3
2026-02-15,Zone B,88.87,28.66,59.24,2.2,29.09,24.15,43.75,23.7,31.7,36.9,43.5,32.1,18.9
2026-02-16,Zone B,81.92,34.34,54.61,2.13,43.38,21.41,52.78,23.2,23.4,53.0,31.9,20.9,15.8
2026-02-17,Zone B,87.86,30.0,58.57,0.74,56.65,21.17,62.5,21.2,20.3,85.6,45.1,36.0,24.5
2026-02-18,Zone B,81.5,35.51,54.33,1.72,28.35,18.74,70.53,21.4,35.2,57.6,44.9,20.5,20.3
2026-02-19,Zone B,90.48,30.21,60.32,2.43,50.45,11.44,56.99,22.4,31.0,60.9,41.4,30.0,13.7
2026-02-20,Zone B,96.93,43.56,64.62,1.59,20.12,16.8,43.65,16.1,23.8,64.2,48.1,34.0,18.4
2026-02-21,Zone B,121.22,45.61,80.81,1.76,32.23,5.8,77.36,14.6,23.5,64.1,49.3,39.0,18.2
2026-02-22,Zone B,72.16,29.67,48.1,1.78,43.36,7.4,75.7,22.7,30.1,44.6,44.0,23.9,16.3
2026-02-23,Zone B,128.95,47.52,85.96,1.69,37.97,21.89,54.92,11.8,23.8,71.5,30.4,22.7,14.4
2026-02-24,Zone B,91.0,35.09,60.66,0.57,41.81,9.78,38.05,15.7,32.6,38.4,43.3,25.4,24.4
2026-02-25,Zone B,73.37,25.62,48.91,1.46,35.84,22.81,44.13,24.8,34.5,66.1,30.7,39.5,21.3
2026-02-26,Zone B,108.11,49.79,72.08,1.16,24.29,5.04,37.09,11.9,38.8,55.9,37.4,29.2,11.0
2026-02-27,Zone B,97.83,35.5,65.22,2.3,21.66,12.67,31.03,18.5,21.7,51.5,45.3,24.6,19.3
2025-11-30,Zone C,110.17,55.08,66.05,1.23,35.9,11.15,34.11,10.2,24.2,60.4,36.3,35.6,18.7
2025-12-01,Zone C,100.94,50.47,66.25,1.07,44.72,8.66,48.36,9.5,26.8,47.5,36.7,37.8,13.7
2025-12-02,Zone C,60.5,28.28,40.33,1.37,28.68,17.5,49.31,24.6,33.4,45.2,40.2,39.2,12.1
2025-12-03,Zone C,101.5,50.55,67.66,1.15,24.3,20.84,46.82,12.9,25.1,38.7,31.4,22.5,22.6
2025-12-04,Zone C,77.79,38.9,49.41,2.26,25.29,22.29,61.63,22.6,32.7,62.1,32.0,26.4,15.2
2025-12-05,Zone C,96.81,47.17,64.54,1.02,47.26,15.32,33.61,15.9,21.2,75.8,40.2,22.8,14.7
2025-12-06,Zone C,118.89,55.29,79.26,0.68,47.28,13.2,33.93,8.1,34.3,76.5,45.1,25.3,10.9
2025-12-07,Zone C,77.81,32.43,51.87,1.78,33.89,7.5,48.86,21.9,26.1,81.4,36.6,28.3,10.9
2025-12-08,Zone C,91.53,45.77,58.34,2.08,29.68,6.83,32.77,16.6,21.3,57.5,45.4,23.6,21.6
2025-12-09,Zone C,108.32,46.49,72.22,1.2,28.83,10.0,77.16,7.4,25.1,59.9,37.9,30.3,13.3
2025-12-10,Zone C,78.31,39.16,49.06,1.17,42.7,8.66,53.43,16.1,27.7,62.8,44.1,22.7,17.6
2025-12-11,Zone C,110.15,55.08,68.8,1.38,24.79,12.11,48.14,7.3,35.3,32.8,36.1,39.8,15.0
2025-12-12,Zone C,118.08,57.21,78.72,0.68,38.44,17.97,47.02,8.3,39.1,62.2,30.0,21.8,17.8
2025-12-13,Zone C,72.26,36.13,46.24,0.55,35.63,22.73,37.8,21.9,21.9,33.5,38.7,22.1,18.4
2025-12-14,Zone C,113.84,55.71,75.89,2.21,52.14,11.84,40.47,9.1,22.9,83.2,48.5,30.9,20.8
2025-12-15,Zone C,101.1,50.55,65.12,1.04,30.14,18.15,39.43,8.4,34.2,88.5,46.8,35.7,20.5
2025-12-16,Zone C,109.29,45.58,72.86,0.76,42.72,6.37,54.95,11.3,38.1,48.2,46.4,28.8,20.4
2025-12-17,Zone C,74.81,37.4,46.4,1.13,41.34,6.35,47.99,22.3,21.2,41.7,39.9,20.8,21.7
2025-12-18,Zone C,74.91,37.45,48.26,0.61,33.41,5.72,30.26,23.6,33.1,85.9,44.4,29.5,21.0
2025-12-19,Zone C,104.5,52.25,62.22,0.84,33.83,19.92,56.78,12.9,29.8,57.8,40.7,36.0,14.2
2025-12-20,Zone C,115.15,57.57,72.15,1.59,27.96,22.86,64.52,8.8,30.1,44.7,35.4,22.2,22.3
2025-12-21,Zone C,104.0,48.25,69.33,1.61,47.69,6.62,56.21,13.8,28.0,77.1,36.8,20.1,13.4
2025-12-22,Zone C,98.97,42.9,65.98,1.41,40.97,6.77,57.67,11.0,32.4,58.2,35.0,31.2,17.7
2025-12-23,Zone C,123.31,58.43,82.21,1.02,50.9,6.29,31.47,6.4,24.2,60.0,49.1,21.9,14.9
2025-12-24,Zone C,87.43,43.72,56.38,2.09,47.4,19.65,50.84,17.2,33.1,53.0,49.5,38.9,12.8
2025-12-25,Zone C,73.79,36.6,49.2,0.81,28.51,16.51,79.79,20.4,26.7,89.1,44.0,36.6,11.8
2025-12-26,Zone C,84.65,42.33,55.21,2.16,37.79,12.18,64.68,16.2,33.8,87.8,48.4,21.1,19.1
2025-12-27,Zone C,103.42,51.71,67.41,1.43,21.6,16.24,46.41,13.1,36.9,59.1,38.1,28.8,23.8
2025-12-28,Zone C,116.08,58.04,63.75,0.86,23.54,17.45,49.15,5.6,29.0,59.6,39.4,31.6,14.2
2025-12-29,Zone C,100.23,38.71,66.82,2.15,54.6,9.89,58.79,15.0,38.6,47.3,34.3,39.9,21.7
2025-12-30,Zone C,77.49,38.39,51.66,2.42,55.25,5.43,38.31,22.5,24.1,83.6,48.5,39.7,11.1
2025-12-31,Zone C,96.33,47.25,64.22,2.08,54.87,19.84,66.33,15.5,21.4,51.3,32.4,34.0,23.4
2026-01-01,Zone C,81.35,40.68,48.35,0.51,25.77,22.72,76.08,18.6,29.2,71.2,36.9,24.1,20.1
2026-01-02,Zone C,67.4,33.7,44.91,2.11,53.14,7.66,38.56,21.9,32.2,34.1,36.8,36.5,11.0
2026-01-03,Zone C,125.53,58.66,83.68,0.68,29.69,11.2,77.14,5.1,31.2,74.4,40.2,29.8,18.9
2026-01-04,Zone C,96.55,48.28,62.14,1.46,27.78,12.14,74.09,12.3,29.6,33.6,43.7,28.7,19.8
2026-01-05,Zone C,89.48,44.74,58.85,1.76,47.1,17.02,33.72,9.9,26.9,68.6,40.6,30.6,15.7
2026-01-06,Zone C,82.36,41.18,49.32,1.76,49.03,8.88,63.77,17.2,30.3,67.9,40.9,29.1,13.5
2026-01-07,Zone C,123.04,53.61,82.03,0.75,50.61,20.79,64.76,5.0,36.5,30.7,35.1,29.4,17.0
2026-01-08,Zone C,126.8,63.4,82.26,1.07,23.89,19.37,42.67,5.2,27.2,89.1,43.7,27.8,21.2
2026-01-09,Zone C,78.09,39.04,50.11,0.87,42.34,19.43,49.32,16.3,24.1,73.3,40.2,23.0,11.6
2026-01-10,Zone C,86.77,43.39,50.56,1.96,59.87,14.51,65.04,18.2,28.8,67.2,36.3,28.9,21.3
2026-01-11,Zone C,93.14,42.43,62.09,2.35,49.68,8.12,48.94,14.4,31.7,48.3,46.8,36.4,18.8
2026-01-12,Zone C,119.68,59.84,74.96,1.75,27.68,9.47,50.11,7.0,32.6,73.3,48.7,26.5,15.8
2026-01-13,Zone C,113.64,56.82,72.77,2.18,20.25,11.05,31.99,6.5,32.8,56.9,46.8,28.8,11.0
2026-01-14,Zone C,106.3,48.58,70.87,2.02,42.69,11.82,67.97,10.1,30.6,66.7,48.0,35.0,14.5
2026-01-15,Zone C,116.25,58.13,68.1,2.36,22.45,24.06,41.66,8.8,20.4,89.9,48.6,31.6,10.3
2026-01-16,Zone C,107.2,45.4,71.47,1.71,52.52,11.42,77.19,11.1,35.4,54.8,39.0,36.3,15.9
2026-01-17,Zone C,128.89,58.53,85.93,1.91,48.69,21.02,32.02,5.0,21.6,36.1,49.0,37.3,22.0
2026-01-18,Zone C,100.32,50.16,63.27,1.32,28.68,24.72,47.24,14.2,24.8,51.0,47.5,28.6,17.3
2026-01-19,Zone C,104.84,51.51,69.89,0.53,37.43,11.81,61.18,13.0,30.6,65.5,40.8,23.0,24.0
2026-01-20,Zone C,95.92,44.55,63.95,0.56,33.88,12.73,51.5,12.1,22.5,39.7,32.2,27.5,12.0
2026-01-21,Zone C,87.55,42.69,58.37,1.24,46.81,7.45,79.2,17.9,39.2,59.4,33.4,28.3,15.6
2026-01-22,Zone C,80.05,37.84,53.37,1.39,23.38,6.73,78.53,19.2,38.0,73.6,48.2,37.2,10.1
2026-01-23,Zone C,107.6,48.47,71.73,2.0,39.45,6.12,76.37,12.1,24.0,40.4,33.0,36.6,16.8
2026-01-24,Zone C,71.74,31.44,47.83,0.59,38.48,20.39,69.04,24.2,25.2,38.9,41.7,30.3,17.7
2026-01-25,Zone C,121.61,57.65,81.08,2.45,21.81,9.29,43.5,7.2,31.4,34.2,47.0,28.5,19.7
2026-01-26,Zone C,108.64,46.8,72.43,1.25,46.1,14.87,41.17,10.1,33.5,79.1,38.9,22.8,13.2
2026-01-27,Zone C,99.59,49.8,60.24,0.75,56.84,5.91,36.45,8.9,21.7,78.3,32.1,20.3,16.3
2026-01-28,Zone C,61.83,30.91,39.74,0.88,47.28,9.93,48.08,24.1,32.4,42.9,45.2,26.6,16.6
2026-01-29,Zone C,124.71,47.82,83.14,1.26,31.26,19.59,35.46,5.8,21.0,80.5,38.6,32.3,12.7
2026-01-30,Zone C,81.99,40.99,42.7,1.83,56.24,18.91,37.4,20.5,34.2,49.8,30.2,38.8,10.4
2026-01-31,Zone C,116.33,56.57,77.55,1.65,59.63,24.64,48.96,6.2,22.8,33.6,34.4,37.5,15.7
2026-02-01,Zone C,92.22,46.11,50.54,2.41,57.55,19.62,47.64,17.6,22.0,51.1,37.2,35.4,19.1
2026-02-02,Zone C,95.35,47.68,57.81,0.58,53.71,14.18,31.18,13.6,24.6,31.0,35.2,26.8,12.2
2026-02-03,Zone C,73.64,28.5,49.1,2.15,44.16,20.57,61.3,23.4,31.9,50.0,40.0,23.8,14.4
2026-02-04,Zone C,74.17,37.09,41.25,1.38,49.05,22.58,51.45,23.4,24.6,35.2,40.7,37.1,12.2
2026-02-05,Zone C,107.46,46.33,71.64,0.62,48.47,7.11,70.71,11.5,33.0,34.6,38.8,24.4,16.1
2026-02-06,Zone C,94.79,43.13,63.19,0.95,35.66,12.27,70.38,16.9,37.0,50.7,47.5,40.0,21.1
2026-02-07,Zone C,91.43,44.33,60.95,2.08,50.12,10.14,72.17,18.1,29.7,46.2,38.3,35.2,16.7
2026-02-08,Zone C,71.46,33.56,47.64,2.02,52.01,15.54,53.3,22.5,34.6,67.3,41.4,22.4,11.2
2026-02-09,Zone C,86.87,35.61,57.91,1.26,37.18,11.12,54.91,18.5,35.4,85.4,38.8,23.2,14.4
2026-02-10,Zone C,69.03,34.51,45.92,1.73,29.82,22.26,59.17,22.1,21.4,78.2,36.6,35.3,22.7
2026-02-11,Zone C,94.17,47.09,50.59,1.04,56.09,8.09,55.1,16.3,27.1,86.3,36.6,29.9,22.5
2026-02-12,Zone C,124.29,62.14,77.22,1.93,51.77,7.92,60.02,6.4,33.5,68.7,32.8,24.4,24.9
2026-02-13,Zone C,108.13,48.55,72.08,2.07,36.81,6.37,56.92,7.3,33.9,68.3,48.4,24.6,12.9
2026-02-14,Zone C,117.27,53.6,78.18,1.17,28.24,6.33,41.05,6.8,29.4,84.8,39.6,30.1,23.4
2026-02-15,Zone C,73.21,36.47,48.81,2.46,59.17,6.42,76.86,24.0,33.8,64.7,49.5,20.4,20.5
2026-02-16,Zone C,73.23,31.81,48.82,0.73,20.87,7.51,65.01,21.3,32.6,58.3,31.1,28.4,14.7
2026-02-17,Zone C,119.57,48.41,79.71,0.6,34.66,19.14,69.04,5.8,27.7,51.0,36.4,33.0,12.5
2026-02-18,Zone C,111.98,50.67,74.66,0.94,42.83,18.58,38.9,7.1,35.9,73.2,44.0,31.6,21.3
2026-02-19,Zone C,62.28,30.56,41.52,1.1,29.3,18.28,53.15,23.8,35.1,53.9,35.6,31.8,23.9
2026-02-20,Zone C,84.04,38.45,56.03,1.47,40.71,15.64,78.68,18.5,27.8,49.0,37.7,31.5,15.8
2026-02-21,Zone C,95.86,47.93,62.49,1.92,40.09,13.33,51.44,9.3,26.4,87.1,44.6,36.6,21.9
2026-02-22,Zone C,74.26,37.13,49.23,1.84,22.74,24.39,54.99,23.0,29.6,59.6,40.1,26.4,20.6
2026-02-23,Zone C,69.21,34.6,43.75,1.22,56.72,17.61,74.8,23.4,25.9,37.6,46.2,26.8,23.5
2026-02-24,Zone C,89.05,41.67,59.37,1.84,58.3,14.18,48.68,11.4,23.6,76.5,43.7,35.2,24.4
2026-02-25,Zone C,93.38,46.69,56.85,0.87,32.66,22.6,65.31,10.5,20.8,56.7,48.3,36.9,21.5
2026-02-26,Zone C,80.71,36.4,53.81,0.58,41.33,16.07,48.09,20.8,34.7,46.1,46.5,27.4,12.8
2026-02-27,Zone C,83.95,40.34,55.96,2.29,57.02,5.74,58.76,17.7,30.8,64.4,41.7,25.1,17.3
2025-11-30,Zone D,112.46,56.23,57.14,0.81,53.81,11.09,70.1,24.5,34.9,73.6,43.7,28.3,11.8
2025-12-01,Zone D,164.04,82.02,75.24,0.9,46.06,6.83,72.1,12.2,24.4,31.9,47.7,21.4,15.0
2025-12-02,Zone D,151.58,75.79,89.99,1.32,23.21,20.48,68.72,9.9,38.4,75.8,40.5,20.1,17.0
2025-12-03,Zone D,112.4,56.2,49.59,2.23,46.84,10.68,53.44,21.2,36.2,63.8,48.9,34.0,15.1
2025-12-04,Zone D,119.81,59.91,52.46,0.83,34.64,20.42,73.32,20.8,24.3,71.3,46.0,38.9,11.2
2025-12-05,Zone D,98.91,49.46,54.62,2.21,27.1,17.8,54.74,22.8,34.0,77.5,47.8,36.6,21.9
2025-12-06,Zone D,182.08,91.04,77.5,2.09,43.24,5.02,61.4,9.2,32.3,90.0,46.3,25.8,23.6
2025-12-07,Zone D,186.19,93.1,92.89,1.63,39.52,16.91,58.82,6.1,23.6,69.6,30.9,32.6,21.4
2025-12-08,Zone D,101.26,50.63,51.84,1.12,29.78,9.88,39.7,24.8,39.2,32.3,44.9,20.2,20.8
2025-12-09,Zone D,143.48,71.74,79.69,1.98,40.7,11.71,69.12,9.8,34.5,70.1,41.1,21.8,13.2
2025-12-10,Zone D,150.66,75.33,72.97,1.56,23.67,20.54,61.26,15.8,34.8,36.7,33.9,23.5,22.9
2025-12-11,Zone D,178.14,89.07,87.85,1.44,37.17,13.05,40.97,6.7,27.7,77.7,41.6,29.5,12.7
2025-12-12,Zone D,157.81,78.9,74.84,0.74,30.18,19.75,56.36,8.9,37.0,82.4,30.8,27.8,21.7
2025-12-13,Zone D,161.13,80.57,62.58,1.23,58.12,8.78,59.2,14.9,30.8,33.9,33.3,31.1,20.2
2025-12-14,Zone D,106.08,53.04,55.41,2.37,45.76,14.46,48.29,24.6,22.9,33.0,49.8,22.7,21.9
2025-12-15,Zone D,201.44,100.72,92.23,2.44,34.25,13.46,31.83,5.4,29.9,47.7,31.4,20.3,15.6
2025-12-16,Zone D,162.03,81.01,77.28,0.87,31.52,24.48,41.72,9.0,36.1,66.6,48.8,22.7,21.2
2025-12-17,Zone D,116.54,58.27,62.19,2.2,57.22,24.37,72.21,16.7,33.7,73.9,36.1,32.5,12.1
2025-12-18,Zone D,162.62,81.31,64.2,1.49,38.04,13.06,68.7,12.6,21.8,72.0,45.1,33.1,17.6
2025-12-19,Zone D,105.23,52.61,51.11,2.08,49.52,11.25,77.59,23.5,33.5,48.0,36.4,28.3,11.0
2025-12-20,Zone D,94.84,47.42,59.28,1.08,46.73,10.35,42.65,23.0,37.2,51.5,37.7,31.2,24.6
2025-12-21,Zone D,133.94,66.97,68.03,1.21,21.4,9.08,76.98,19.0,23.1,79.4,47.1,32.7,17.9
2025-12-22,Zone D,165.59,82.8,82.82,0.69,34.05,18.31,52.27,11.5,27.3,54.1,38.2,26.7,12.2
2025-12-23,Zone D,145.39,72.69,75.72,2.06,47.99,23.17,57.93,14.0,37.2,39.4,30.4,30.1,23.7
2025-12-24,Zone D,156.18,78.09,83.48,0.57,39.45,21.27,47.4,10.3,37.9,67.5,32.5,35.7,21.1
2025-12-25,Zone D,126.77,63.39,56.26,1.78,47.88,12.15,61.22,20.1,37.4,78.5,36.8,31.6,18.1
2025-12-26,Zone D,91.23,45.62,59.64,0.54,57.33,9.42,66.1,23.6,33.5,45.9,33.9,23.6,11.8
2025-12-27,Zone D,155.36,77.68,62.03,2.28,37.29,24.45,60.47,14.4,33.8,79.8,38.0,38.4,10.9
2025-12-28,Zone D,151.87,75.94,65.94,1.48,47.12,14.98,45.3,11.7,27.5,47.6,31.7,23.2,23.3
2025-12-29,Zone D,107.66,53.83,64.91,2.43,42.09,21.64,34.75,20.3,21.7,63.2,38.8,25.1,10.2
2025-12-30,Zone D,106.23,53.11,60.11,2.13,34.65,7.12,76.86,21.9,29.3,62.6,44.2,23.6,23.5
2025-12-31,Zone D,153.89,76.94,69.51,1.12,39.85,19.53,76.4,14.3,39.9,31.6,44.7,39.1,17.7
2026-01-01,Zone D,117.68,58.84,55.96,1.34,39.09,14.71,39.18,23.8,33.6,45.5,38.8,29.7,16.1
2026-01-02,Zone D,167.78,83.89,82.35,1.24,30.65,6.95,76.55,12.6,20.3,43.1,39.0,38.8,14.3
2026-01-03,Zone D,173.33,86.66,71.76,1.1,45.01,12.03,32.31,8.7,21.8,59.5,36.4,27.6,23.4
2026-01-04,Zone D,178.37,89.19,94.69,1.66,58.56,6.42,36.88,6.3,36.7,50.7,46.1,25.1,17.9
2026-01-05,Zone D,143.39,71.7,82.55,1.31,54.63,13.83,63.11,13.1,34.3,31.1,32.6,32.1,17.3
2026-01-06,Zone D,105.07,52.53,57.29,0.83,24.38,18.15,45.13,22.4,28.4,79.1,48.4,20.9,20.5
2026-01-07,Zone D,142.71,71.35,61.88,1.59,53.63,7.54,43.9,18.8,27.9,83.7,48.5,33.9,13.8
2026-01-08,Zone D,148.29,74.15,59.32,2.18,49.82,8.33,30.19,17.3,38.9,82.2,44.9,32.0,17.0
2026-01-09,Zone D,165.06,82.53,72.44,1.09,40.41,19.51,70.27,10.8,21.0,31.2,45.4,36.7,22.4
2026-01-10,Zone D,116.08,58.04,71.29,1.62,29.81,10.96,48.69,17.7,35.7,77.7,37.2,34.3,22.3
2026-01-11,Zone D,111.71,55.85,47.68,1.8,35.13,11.64,43.24,23.0,28.5,88.5,30.3,38.8,21.7
2026-01-12,Zone D,175.09,87.55,83.16,0.94,52.55,16.81,72.37,9.0,36.0,51.1,36.7,39.1,22.2
2026-01-13,Zone D,98.75,49.38,52.11,1.66,30.89,11.92,72.23,22.2,25.1,78.1,47.6,28.2,13.1
2026-01-14,Zone D,161.57,80.78,85.12,2.01,45.21,9.83,58.4,9.2,25.5,87.2,42.7,39.7,20.4
2026-01-15,Zone D,148.45,74.22,73.87,1.21,27.31,17.32,42.5,8.3,26.1,46.3,32.2,34.3,11.0
2026-01-16,Zone D,163.51,81.76,81.71,2.15,31.26,18.45,61.23,8.3,34.8,78.1,37.4,39.9,13.1
2026-01-17,Zone D,102.48,51.24,53.02,1.28,39.86,15.47,72.03,24.9,30.4,45.2,45.9,36.4,12.0
2026-01-18,Zone D,174.62,87.31,79.24,1.56,26.1,20.85,74.43,5.7,23.0,71.7,30.3,21.9,18.1
2026-01-19,Zone D,182.64,91.32,82.97,0.86,54.35,22.82,38.46,9.6,39.4,87.9,31.0,37.2,18.4
2026-01-20,Zone D,107.42,53.71,52.99,1.93,42.22,10.63,78.82,22.3,39.9,80.7,49.6,32.9,17.4
2026-01-21,Zone D,139.01,69.51,68.98,1.78,30.7,18.81,67.83,11.8,26.4,64.9,31.7,29.9,24.2
2026-01-22,Zone D,140.99,70.5,77.48,0.79,36.37,12.61,40.16,11.6,22.3,50.8,38.7,21.3,10.8
2026-01-23,Zone D,96.67,48.34,58.72,2.28,22.6,16.06,49.04,23.0,27.8,39.0,43.2,22.6,23.8
2026-01-24,Zone D,93.77,46.89,54.78,1.37,27.51,24.24,31.77,23.8,24.9,88.7,31.0,35.9,24.8
2026-01-25,Zone D,176.12,88.06,87.35,1.2,36.63,10.96,54.92,9.0,29.1,62.3,44.9,24.4,12.1
2026-01-26,Zone D,118.13,59.07,64.81,2.14,56.23,5.3,65.37,16.8,34.4,40.7,31.4,32.8,16.3
2026-01-27,Zone D,165.79,82.9,79.81,2.08,37.57,6.35,53.17,7.8,32.1,50.2,31.9,24.5,13.5
2026-01-28,Zone D,126.31,63.15,56.91,2.11,42.98,6.15,60.55,21.3,34.7,68.3,32.0,34.6,14.6
2026-01-29,Zone D,157.79,78.89,71.67,1.85,40.03,17.53,45.22,13.6,26.5,50.5,43.7,34.4,24.0
2026-01-30,Zone D,166.0,83.0,87.73,2.08,21.84,20.65,75.29,9.8,31.1,63.6,32.3,26.4,24.0
2026-01-31,Zone D,102.94,51.47,45.41,2.47,53.11,19.1,61.6,24.7,38.9,45.7,43.8,26.5,10.9
2026-02-01,Zone D,126.56,63.28,71.79,0.92,38.06,13.81,40.67,16.4,24.6,89.6,44.3,21.4,17.9
2026-02-02,Zone D,120.69,60.35,72.86,0.62,29.65,11.4,33.55,17.7,37.3,77.6,39.0,34.9,17.1
2026-02-03,Zone D,115.84,57.92,55.49,0.7,29.28,20.72,57.96,23.2,35.4,70.4,47.6,34.8,24.7
2026-02-04,Zone D,183.22,91.61,91.32,1.13,59.57,12.04,66.36,6.0,28.7,63.0,33.6,21.3,24.5
2026-02-05,Zone D,165.49,82.75,86.35,1.62,36.3,12.24,47.9,10.2,38.3,71.3,47.7,36.1,11.2
2026-02-06,Zone D,165.63,82.82,88.41,1.61,29.58,5.61,70.36,7.8,22.8,49.7,47.0,36.4,12.3
2026-02-07,Zone D,122.59,61.3,64.54,1.42,35.35,14.95,60.27,19.4,38.0,54.0,43.2,25.2,11.0
2026-02-08,Zone D,150.94,75.47,80.45,1.46,54.46,14.96,42.38,13.0,29.6,68.1,34.7,26.9,16.5
2026-02-09,Zone D,126.47,63.23,60.0,2.42,22.83,11.43,63.4,19.6,25.8,65.4,48.1,39.7,19.2
2026-02-10,Zone D,137.89,68.94,61.18,0.95,52.76,8.23,41.89,18.8,34.6,82.7,31.9,34.5,17.8
2026-02-11,Zone D,134.81,67.41,76.3,1.48,57.63,12.46,71.07,14.3,25.9,45.3,40.4,26.4,15.4
2026-02-12,Zone D,152.37,76.18,67.53,1.22,25.75,24.39,53.63,14.8,31.1,37.5,47.0,34.2,10.4
2026-02-13,Zone D,119.57,59.78,61.09,1.84,36.71,18.65,69.86,20.0,25.3,75.1,42.3,25.5,12.4
2026-02-14,Zone D,103.88,51.94,62.16,0.92,42.8,18.95,57.98,21.0,26.5,76.7,48.0,35.2,14.1
2026-02-15,Zone D,160.7,80.35,77.0,1.37,38.68,18.32,63.27,12.7,30.0,76.9,35.9,28.2,10.7
2026-02-16,Zone D,143.2,71.6,67.53,1.33,38.77,17.6,43.37,14.8,27.8,74.1,44.6,27.6,21.2
2026-02-17,Zone D,157.56,78.78,78.89,0.72,53.0,8.9,44.03,15.3,27.2,82.9,47.2,38.3,22.5
2026-02-18,Zone D,118.34,59.17,58.78,2.1,26.82,21.5,72.2,18.6,29.9,44.7,30.6,30.6,14.6
2026-02-19,Zone D,161.11,80.55,79.89,2.19,29.18,14.9,76.29,6.7,29.5,52.4,39.4,23.5,24.8
2026-02-20,Zone D,154.06,77.03,66.87,1.7,29.36,18.42,54.03,16.1,38.2,41.0,42.0,36.4,17.0
2026-02-21,Zone D,130.65,65.32,59.29,0.79,49.44,19.52,51.7,21.3,22.7,32.4,32.9,29.2,10.4
2026-02-22,Zone D,190.48,95.24,91.17,2.27,23.04,15.99,48.04,6.5,27.8,32.4,31.7,31.7,14.6
2026-02-23,Zone D,156.57,78.28,83.49,1.72,36.39,17.58,35.67,13.2,22.9,54.5,48.9,23.7,15.6
2026-02-24,Zone D,94.21,47.11,49.62,2.1,21.55,18.64,44.1,25.0,22.5,72.0,47.0,38.6,23.6
2026-02-25,Zone D,133.98,66.99,71.23,1.14,29.59,5.76,45.46,17.3,28.5,42.6,42.0,36.4,20.4
2026-02-26,Zone D,164.14,82.07,68.83,0.85,32.82,12.05,48.89,13.5,22.6,75.3,48.3,34.0,24.6
2026-02-27,Zone D,179.39,89.69,82.38,0.99,49.44,5.48,57.25,7.8,23.3,36.4,40.8,27.3,20.0
