Timestamp,Zone_ID,Temperature_C,Day_Type,Historical_Demand_kW
01-01-2026 00:00,Z1,33,Weekday,4509731
01-01-2026 00:00,Z2,33,Weekday,838886
01-01-2026 00:00,Z3,33,Weekday,566423
01-01-2026 01:00,Z1,32,Weekday,4724828
01-01-2026 01:00,Z2,32,Weekday,795421
01-01-2026 01:00,Z3,32,Weekday,491852
01-01-2026 02:00,Z1,29,Weekday,4455728
01-01-2026 02:00,Z2,29,Weekday,938425
01-01-2026 02:00,Z3,29,Weekday,561980
01-01-2026 03:00,Z1,36,Weekday,4069492
01-01-2026 03:00,Z2,36,Weekday,865507
01-01-2026 03:00,Z3,36,Weekday,494319
01-01-2026 04:00,Z1,35,Weekday,4601125
01-01-2026 04:00,Z2,35,Weekday,933476
01-01-2026 04:00,Z3,35,Weekday,586863
01-01-2026 05:00,Z1,22,Weekday,3924027
01-01-2026 05:00,Z2,22,Weekday,848274
01-01-2026 05:00,Z3,22,Weekday,610051
01-01-2026 06:00,Z1,24,Weekday,3849201
01-01-2026 06:00,Z2,24,Weekday,850565
01-01-2026 06:00,Z3,24,Weekday,507020
01-01-2026 07:00,Z1,29,Weekday,3787108
01-01-2026 07:00,Z2,29,Weekday,850751
01-01-2026 07:00,Z3,29,Weekday,494065
01-01-2026 08:00,Z1,22,Weekday,4831010
01-01-2026 08:00,Z2,22,Weekday,978167
01-01-2026 08:00,Z3,22,Weekday,669053
01-01-2026 09:00,Z1,33,Weekday,4946697
01-01-2026 09:00,Z2,33,Weekday,957755
01-01-2026 09:00,Z3,33,Weekday,634900
01-01-2026 10:00,Z1,26,Weekday,5241351
01-01-2026 10:00,Z2,26,Weekday,1069183
01-01-2026 10:00,Z3,26,Weekday,712287
01-01-2026 11:00,Z1,32,Weekday,4376585
01-01-2026 11:00,Z2,32,Weekday,945813
01-01-2026 11:00,Z3,32,Weekday,597422
01-01-2026 12:00,Z1,34,Weekday,4433883
01-01-2026 12:00,Z2,34,Weekday,777792
01-01-2026 12:00,Z3,34,Weekday,569615
01-01-2026 13:00,Z1,32,Weekday,4493839
01-01-2026 13:00,Z2,32,Weekday,896291
01-01-2026 13:00,Z3,32,Weekday,549512
01-01-2026 14:00,Z1,36,Weekday,4225418
01-01-2026 14:00,Z2,36,Weekday,846907
01-01-2026 14:00,Z3,36,Weekday,534932
01-01-2026 15:00,Z1,37,Weekday,4598710
01-01-2026 15:00,Z2,37,Weekday,925490
01-01-2026 15:00,Z3,37,Weekday,499619
01-01-2026 16:00,Z1,21,Weekday,4491320
01-01-2026 16:00,Z2,21,Weekday,820835
01-01-2026 16:00,Z3,21,Weekday,496476
01-01-2026 17:00,Z1,30,Weekday,5166877
01-01-2026 17:00,Z2,30,Weekday,954966
01-01-2026 17:00,Z3,30,Weekday,685452
01-01-2026 18:00,Z1,20,Weekday,5139394
01-01-2026 18:00,Z2,20,Weekday,1019076
01-01-2026 18:00,Z3,20,Weekday,640427
01-01-2026 19:00,Z1,36,Weekday,4844604
01-01-2026 19:00,Z2,36,Weekday,956353
01-01-2026 19:00,Z3,36,Weekday,652318
01-01-2026 20:00,Z1,35,Weekday,4990339
01-01-2026 20:00,Z2,35,Weekday,976587
01-01-2026 20:00,Z3,35,Weekday,621735
01-01-2026 21:00,Z1,36,Weekday,4116275
01-01-2026 21:00,Z2,36,Weekday,941526
01-01-2026 21:00,Z3,36,Weekday,530744
01-01-2026 22:00,Z1,33,Weekday,4670882
01-01-2026 22:00,Z2,33,Weekday,759162
01-01-2026 22:00,Z3,33,Weekday,570797
01-01-2026 23:00,Z1,37,Weekday,4379369
01-01-2026 23:00,Z2,37,Weekday,756199
01-01-2026 23:00,Z3,37,Weekday,565527
02-01-2026 00:00,Z1,26,Weekday,3839665
02-01-2026 00:00,Z2,26,Weekday,860868
02-01-2026 00:00,Z3,26,Weekday,495646
02-01-2026 01:00,Z1,31,Weekday,4353906
02-01-2026 01:00,Z2,31,Weekday,876463
02-01-2026 01:00,Z3,31,Weekday,520414
02-01-2026 02:00,Z1,30,Weekday,4198664
02-01-2026 02:00,Z2,30,Weekday,939953
02-01-2026 02:00,Z3,30,Weekday,537549
02-01-2026 03:00,Z1,26,Weekday,4138692
02-01-2026 03:00,Z2,26,Weekday,790653
02-01-2026 03:00,Z3,26,Weekday,519148
02-01-2026 04:00,Z1,30,Weekday,3910963
02-01-2026 04:00,Z2,30,Weekday,905732
02-01-2026 04:00,Z3,30,Weekday,500283
02-01-2026 05:00,Z1,30,Weekday,3949241
02-01-2026 05:00,Z2,30,Weekday,923315
02-01-2026 05:00,Z3,30,Weekday,616688
02-01-2026 06:00,Z1,28,Weekday,4221129
02-01-2026 06:00,Z2,28,Weekday,948192
02-01-2026 06:00,Z3,28,Weekday,612289
02-01-2026 07:00,Z1,28,Weekday,3820900
02-01-2026 07:00,Z2,28,Weekday,807596
02-01-2026 07:00,Z3,28,Weekday,520467
02-01-2026 08:00,Z1,30,Weekday,5001102
02-01-2026 08:00,Z2,30,Weekday,1021985
02-01-2026 08:00,Z3,30,Weekday,714565
02-01-2026 09:00,Z1,28,Weekday,4998208
02-01-2026 09:00,Z2,28,Weekday,1036006
02-01-2026 09:00,Z3,28,Weekday,640860
02-01-2026 10:00,Z1,23,Weekday,4964712
02-01-2026 10:00,Z2,23,Weekday,950265
02-01-2026 10:00,Z3,23,Weekday,653310
02-01-2026 11:00,Z1,35,Weekday,4599698
02-01-2026 11:00,Z2,35,Weekday,776276
02-01-2026 11:00,Z3,35,Weekday,613582
02-01-2026 12:00,Z1,25,Weekday,4695431
02-01-2026 12:00,Z2,25,Weekday,942155
02-01-2026 12:00,Z3,25,Weekday,571236
02-01-2026 13:00,Z1,22,Weekday,3767531
02-01-2026 13:00,Z2,22,Weekday,793440
02-01-2026 13:00,Z3,22,Weekday,551256
02-01-2026 14:00,Z1,22,Weekday,4554228
02-01-2026 14:00,Z2,22,Weekday,782912
02-01-2026 14:00,Z3,22,Weekday,505062
02-01-2026 15:00,Z1,35,Weekday,4451962
02-01-2026 15:00,Z2,35,Weekday,895240
02-01-2026 15:00,Z3,35,Weekday,590904
02-01-2026 16:00,Z1,26,Weekday,4242129
02-01-2026 16:00,Z2,26,Weekday,923272
02-01-2026 16:00,Z3,26,Weekday,540000
02-01-2026 17:00,Z1,20,Weekday,5391642
02-01-2026 17:00,Z2,20,Weekday,1021095
02-01-2026 17:00,Z3,20,Weekday,691833
02-01-2026 18:00,Z1,21,Weekday,5404504
02-01-2026 18:00,Z2,21,Weekday,988053
02-01-2026 18:00,Z3,21,Weekday,617728
02-01-2026 19:00,Z1,29,Weekday,5200153
02-01-2026 19:00,Z2,29,Weekday,1073682
02-01-2026 19:00,Z3,29,Weekday,680946
02-01-2026 20:00,Z1,31,Weekday,5442559
02-01-2026 20:00,Z2,31,Weekday,987263
02-01-2026 20:00,Z3,31,Weekday,656193
02-01-2026 21:00,Z1,21,Weekday,4007786
02-01-2026 21:00,Z2,21,Weekday,932465
02-01-2026 21:00,Z3,21,Weekday,571491
02-01-2026 22:00,Z1,29,Weekday,4385846
02-01-2026 22:00,Z2,29,Weekday,846587
02-01-2026 22:00,Z3,29,Weekday,594611
02-01-2026 23:00,Z1,25,Weekday,4595839
02-01-2026 23:00,Z2,25,Weekday,841179
02-01-2026 23:00,Z3,25,Weekday,593262
03-01-2026 00:00,Z1,27,Weekend,4276884
03-01-2026 00:00,Z2,27,Weekend,870773
03-01-2026 00:00,Z3,27,Weekend,565773
03-01-2026 01:00,Z1,29,Weekend,3804851
03-01-2026 01:00,Z2,29,Weekend,867145
03-01-2026 01:00,Z3,29,Weekend,493191
03-01-2026 02:00,Z1,34,Weekend,3812161
03-01-2026 02:00,Z2,34,Weekend,812799
03-01-2026 02:00,Z3,34,Weekend,515649
03-01-2026 03:00,Z1,33,Weekend,3836324
03-01-2026 03:00,Z2,33,Weekend,931496
03-01-2026 03:00,Z3,33,Weekend,552573
03-01-2026 04:00,Z1,32,Weekend,4427818
03-01-2026 04:00,Z2,32,Weekend,916648
03-01-2026 04:00,Z3,32,Weekend,589965
03-01-2026 05:00,Z1,20,Weekend,4403196
03-01-2026 05:00,Z2,20,Weekend,874169
03-01-2026 05:00,Z3,20,Weekend,566206
03-01-2026 06:00,Z1,34,Weekend,3878473
03-01-2026 06:00,Z2,34,Weekend,903297
03-01-2026 06:00,Z3,34,Weekend,568059
03-01-2026 07:00,Z1,22,Weekend,4734891
03-01-2026 07:00,Z2,22,Weekend,940979
03-01-2026 07:00,Z3,22,Weekend,544146
03-01-2026 08:00,Z1,20,Weekend,5078457
03-01-2026 08:00,Z2,20,Weekend,1039773
03-01-2026 08:00,Z3,20,Weekend,630669
03-01-2026 09:00,Z1,20,Weekend,5319657
03-01-2026 09:00,Z2,20,Weekend,1030078
03-01-2026 09:00,Z3,20,Weekend,668648
03-01-2026 10:00,Z1,35,Weekend,5226880
03-01-2026 10:00,Z2,35,Weekend,1056813
03-01-2026 10:00,Z3,35,Weekend,698412
03-01-2026 11:00,Z1,32,Weekend,4150977
03-01-2026 11:00,Z2,32,Weekend,799346
03-01-2026 11:00,Z3,32,Weekend,551600
03-01-2026 12:00,Z1,37,Weekend,3892164
03-01-2026 12:00,Z2,37,Weekend,778745
03-01-2026 12:00,Z3,37,Weekend,536881
03-01-2026 13:00,Z1,34,Weekend,4608250
03-01-2026 13:00,Z2,34,Weekend,932023
03-01-2026 13:00,Z3,34,Weekend,523012
03-01-2026 14:00,Z1,37,Weekend,4183581
03-01-2026 14:00,Z2,37,Weekend,815680
03-01-2026 14:00,Z3,37,Weekend,607075
03-01-2026 15:00,Z1,22,Weekend,4452622
03-01-2026 15:00,Z2,22,Weekend,858761
03-01-2026 15:00,Z3,22,Weekend,572580
03-01-2026 16:00,Z1,33,Weekend,4001813
03-01-2026 16:00,Z2,33,Weekend,829306
03-01-2026 16:00,Z3,33,Weekend,528357
03-01-2026 17:00,Z1,20,Weekend,4806983
03-01-2026 17:00,Z2,20,Weekend,1021423
03-01-2026 17:00,Z3,20,Weekend,706069
03-01-2026 18:00,Z1,21,Weekend,5253396
03-01-2026 18:00,Z2,21,Weekend,1018975
03-01-2026 18:00,Z3,21,Weekend,648923
03-01-2026 19:00,Z1,27,Weekend,5305132
03-01-2026 19:00,Z2,27,Weekend,966655
03-01-2026 19:00,Z3,27,Weekend,682187
03-01-2026 20:00,Z1,35,Weekend,4892341
03-01-2026 20:00,Z2,35,Weekend,1044093
03-01-2026 20:00,Z3,35,Weekend,669288
03-01-2026 21:00,Z1,23,Weekend,3999807
03-01-2026 21:00,Z2,23,Weekend,828810
03-01-2026 21:00,Z3,23,Weekend,548548
03-01-2026 22:00,Z1,32,Weekend,4293470
03-01-2026 22:00,Z2,32,Weekend,753764
03-01-2026 22:00,Z3,32,Weekend,562000
03-01-2026 23:00,Z1,25,Weekend,4350215
03-01-2026 23:00,Z2,25,Weekend,905330
03-01-2026 23:00,Z3,25,Weekend,509287
04-01-2026 00:00,Z1,32,Weekend,4252524
04-01-2026 00:00,Z2,32,Weekend,946229
04-01-2026 00:00,Z3,32,Weekend,614398
04-01-2026 01:00,Z1,21,Weekend,4474412
04-01-2026 01:00,Z2,21,Weekend,932864
04-01-2026 01:00,Z3,21,Weekend,552433
04-01-2026 02:00,Z1,26,Weekend,4215094
04-01-2026 02:00,Z2,26,Weekend,949169
04-01-2026 02:00,Z3,26,Weekend,576207
04-01-2026 03:00,Z1,20,Weekend,4060240
04-01-2026 03:00,Z2,20,Weekend,836432
04-01-2026 03:00,Z3,20,Weekend,561380
04-01-2026 04:00,Z1,22,Weekend,3964458
04-01-2026 04:00,Z2,22,Weekend,859769
04-01-2026 04:00,Z3,22,Weekend,571213
04-01-2026 05:00,Z1,27,Weekend,3781880
04-01-2026 05:00,Z2,27,Weekend,856504
04-01-2026 05:00,Z3,27,Weekend,497469
04-01-2026 06:00,Z1,21,Weekend,4265791
04-01-2026 06:00,Z2,21,Weekend,910836
04-01-2026 06:00,Z3,21,Weekend,546441
04-01-2026 07:00,Z1,30,Weekend,4148073
04-01-2026 07:00,Z2,30,Weekend,781369
04-01-2026 07:00,Z3,30,Weekend,602120
04-01-2026 08:00,Z1,28,Weekend,4878994
04-01-2026 08:00,Z2,28,Weekend,1047924
04-01-2026 08:00,Z3,28,Weekend,694217
04-01-2026 09:00,Z1,29,Weekend,4842900
04-01-2026 09:00,Z2,29,Weekend,1093572
04-01-2026 09:00,Z3,29,Weekend,664583
04-01-2026 10:00,Z1,21,Weekend,5447093
04-01-2026 10:00,Z2,21,Weekend,1048120
04-01-2026 10:00,Z3,21,Weekend,624055
04-01-2026 11:00,Z1,32,Weekend,4270677
04-01-2026 11:00,Z2,32,Weekend,785571
04-01-2026 11:00,Z3,32,Weekend,576788
04-01-2026 12:00,Z1,28,Weekend,3997743
04-01-2026 12:00,Z2,28,Weekend,886008
04-01-2026 12:00,Z3,28,Weekend,555794
04-01-2026 13:00,Z1,37,Weekend,4687992
04-01-2026 13:00,Z2,37,Weekend,909588
04-01-2026 13:00,Z3,37,Weekend,516167
04-01-2026 14:00,Z1,22,Weekend,4401260
04-01-2026 14:00,Z2,22,Weekend,899176
04-01-2026 14:00,Z3,22,Weekend,536110
04-01-2026 15:00,Z1,20,Weekend,4058246
04-01-2026 15:00,Z2,20,Weekend,818502
04-01-2026 15:00,Z3,20,Weekend,615191
04-01-2026 16:00,Z1,21,Weekend,4722480
04-01-2026 16:00,Z2,21,Weekend,901461
04-01-2026 16:00,Z3,21,Weekend,590213
04-01-2026 17:00,Z1,21,Weekend,5337800
04-01-2026 17:00,Z2,21,Weekend,1096799
04-01-2026 17:00,Z3,21,Weekend,649034
04-01-2026 18:00,Z1,28,Weekend,5078481
04-01-2026 18:00,Z2,28,Weekend,1037905
04-01-2026 18:00,Z3,28,Weekend,633224
04-01-2026 19:00,Z1,28,Weekend,4943516
04-01-2026 19:00,Z2,28,Weekend,1086716
04-01-2026 19:00,Z3,28,Weekend,658036
04-01-2026 20:00,Z1,33,Weekend,5382090
04-01-2026 20:00,Z2,33,Weekend,1099250
04-01-2026 20:00,Z3,33,Weekend,650226
04-01-2026 21:00,Z1,28,Weekend,4376484
04-01-2026 21:00,Z2,28,Weekend,793415
04-01-2026 21:00,Z3,28,Weekend,526697
04-01-2026 22:00,Z1,37,Weekend,3947757
04-01-2026 22:00,Z2,37,Weekend,906437
04-01-2026 22:00,Z3,37,Weekend,538610
04-01-2026 23:00,Z1,27,Weekend,4542986
04-01-2026 23:00,Z2,27,Weekend,847456
04-01-2026 23:00,Z3,27,Weekend,513679
05-01-2026 00:00,Z1,34,Weekday,4359476
05-01-2026 00:00,Z2,34,Weekday,904637
05-01-2026 00:00,Z3,34,Weekday,585363
05-01-2026 01:00,Z1,30,Weekday,4131738
05-01-2026 01:00,Z2,30,Weekday,761513
05-01-2026 01:00,Z3,30,Weekday,567424
05-01-2026 02:00,Z1,34,Weekday,4019321
05-01-2026 02:00,Z2,34,Weekday,831300
05-01-2026 02:00,Z3,34,Weekday,533781
05-01-2026 03:00,Z1,28,Weekday,4316465
05-01-2026 03:00,Z2,28,Weekday,888230
05-01-2026 03:00,Z3,28,Weekday,613480
05-01-2026 04:00,Z1,23,Weekday,4104236
05-01-2026 04:00,Z2,23,Weekday,822755
05-01-2026 04:00,Z3,23,Weekday,523911
05-01-2026 05:00,Z1,28,Weekday,4013314
05-01-2026 05:00,Z2,28,Weekday,870824
05-01-2026 05:00,Z3,28,Weekday,567736
05-01-2026 06:00,Z1,22,Weekday,4493086
05-01-2026 06:00,Z2,22,Weekday,911249
05-01-2026 06:00,Z3,22,Weekday,506137
05-01-2026 07:00,Z1,36,Weekday,4051626
05-01-2026 07:00,Z2,36,Weekday,871625
05-01-2026 07:00,Z3,36,Weekday,584133
05-01-2026 08:00,Z1,21,Weekday,5049331
05-01-2026 08:00,Z2,21,Weekday,1087631
05-01-2026 08:00,Z3,21,Weekday,697868
05-01-2026 09:00,Z1,37,Weekday,5259664
05-01-2026 09:00,Z2,37,Weekday,965619
05-01-2026 09:00,Z3,37,Weekday,648918
05-01-2026 10:00,Z1,27,Weekday,5285628
05-01-2026 10:00,Z2,27,Weekday,954994
05-01-2026 10:00,Z3,27,Weekday,624324
05-01-2026 11:00,Z1,32,Weekday,3808961
05-01-2026 11:00,Z2,32,Weekday,849421
05-01-2026 11:00,Z3,32,Weekday,550232
05-01-2026 12:00,Z1,35,Weekday,3928547
05-01-2026 12:00,Z2,35,Weekday,771182
05-01-2026 12:00,Z3,35,Weekday,519991
05-01-2026 13:00,Z1,26,Weekday,4391738
05-01-2026 13:00,Z2,26,Weekday,914807
05-01-2026 13:00,Z3,26,Weekday,552576
05-01-2026 14:00,Z1,27,Weekday,4516194
05-01-2026 14:00,Z2,27,Weekday,889726
05-01-2026 14:00,Z3,27,Weekday,499631
05-01-2026 15:00,Z1,30,Weekday,4099563
05-01-2026 15:00,Z2,30,Weekday,755460
05-01-2026 15:00,Z3,30,Weekday,602979
05-01-2026 16:00,Z1,25,Weekday,4104017
05-01-2026 16:00,Z2,25,Weekday,899849
05-01-2026 16:00,Z3,25,Weekday,588374
05-01-2026 17:00,Z1,22,Weekday,5210983
05-01-2026 17:00,Z2,22,Weekday,1019697
05-01-2026 17:00,Z3,22,Weekday,675153
05-01-2026 18:00,Z1,30,Weekday,5131833
05-01-2026 18:00,Z2,30,Weekday,1092726
05-01-2026 18:00,Z3,30,Weekday,672994
05-01-2026 19:00,Z1,37,Weekday,5258242
05-01-2026 19:00,Z2,37,Weekday,1080608
05-01-2026 19:00,Z3,37,Weekday,695353
05-01-2026 20:00,Z1,33,Weekday,5078812
05-01-2026 20:00,Z2,33,Weekday,952934
05-01-2026 20:00,Z3,33,Weekday,634638
05-01-2026 21:00,Z1,20,Weekday,4175312
05-01-2026 21:00,Z2,20,Weekday,899127
05-01-2026 21:00,Z3,20,Weekday,513803
05-01-2026 22:00,Z1,36,Weekday,3973994
05-01-2026 22:00,Z2,36,Weekday,806147
05-01-2026 22:00,Z3,36,Weekday,588589
05-01-2026 23:00,Z1,37,Weekday,4423503
05-01-2026 23:00,Z2,37,Weekday,900276
05-01-2026 23:00,Z3,37,Weekday,522189
06-01-2026 00:00,Z1,37,Weekday,4326259
06-01-2026 00:00,Z2,37,Weekday,811035
06-01-2026 00:00,Z3,37,Weekday,608779
06-01-2026 01:00,Z1,34,Weekday,4392330
06-01-2026 01:00,Z2,34,Weekday,789286
06-01-2026 01:00,Z3,34,Weekday,574060
06-01-2026 02:00,Z1,30,Weekday,4224039
06-01-2026 02:00,Z2,30,Weekday,818830
06-01-2026 02:00,Z3,30,Weekday,599068
06-01-2026 03:00,Z1,31,Weekday,4221594
06-01-2026 03:00,Z2,31,Weekday,807177
06-01-2026 03:00,Z3,31,Weekday,529008
06-01-2026 04:00,Z1,22,Weekday,4246796
06-01-2026 04:00,Z2,22,Weekday,763692
06-01-2026 04:00,Z3,22,Weekday,519033
06-01-2026 05:00,Z1,24,Weekday,4221704
06-01-2026 05:00,Z2,24,Weekday,754062
06-01-2026 05:00,Z3,24,Weekday,567602
06-01-2026 06:00,Z1,35,Weekday,3820085
06-01-2026 06:00,Z2,35,Weekday,811545
06-01-2026 06:00,Z3,35,Weekday,617224
06-01-2026 07:00,Z1,28,Weekday,4441866
06-01-2026 07:00,Z2,28,Weekday,839612
06-01-2026 07:00,Z3,28,Weekday,539699
06-01-2026 08:00,Z1,26,Weekday,4856065
06-01-2026 08:00,Z2,26,Weekday,1071319
06-01-2026 08:00,Z3,26,Weekday,666248
06-01-2026 09:00,Z1,21,Weekday,5398966
06-01-2026 09:00,Z2,21,Weekday,1015709
06-01-2026 09:00,Z3,21,Weekday,634455
06-01-2026 10:00,Z1,30,Weekday,4844472
06-01-2026 10:00,Z2,30,Weekday,1042620
06-01-2026 10:00,Z3,30,Weekday,656496
06-01-2026 11:00,Z1,36,Weekday,4353522
06-01-2026 11:00,Z2,36,Weekday,798258
06-01-2026 11:00,Z3,36,Weekday,533203
06-01-2026 12:00,Z1,32,Weekday,4418850
06-01-2026 12:00,Z2,32,Weekday,815184
06-01-2026 12:00,Z3,32,Weekday,603568
06-01-2026 13:00,Z1,25,Weekday,4705028
06-01-2026 13:00,Z2,25,Weekday,834338
06-01-2026 13:00,Z3,25,Weekday,517103
06-01-2026 14:00,Z1,32,Weekday,4267351
06-01-2026 14:00,Z2,32,Weekday,879623
06-01-2026 14:00,Z3,32,Weekday,580019
06-01-2026 15:00,Z1,26,Weekday,4669486
06-01-2026 15:00,Z2,26,Weekday,816967
06-01-2026 15:00,Z3,26,Weekday,542744
06-01-2026 16:00,Z1,32,Weekday,3852152
06-01-2026 16:00,Z2,32,Weekday,876761
06-01-2026 16:00,Z3,32,Weekday,512792
06-01-2026 17:00,Z1,28,Weekday,5400785
06-01-2026 17:00,Z2,28,Weekday,1075899
06-01-2026 17:00,Z3,28,Weekday,694723
06-01-2026 18:00,Z1,22,Weekday,5341355
06-01-2026 18:00,Z2,22,Weekday,1022728
06-01-2026 18:00,Z3,22,Weekday,697873
06-01-2026 19:00,Z1,27,Weekday,5157486
06-01-2026 19:00,Z2,27,Weekday,1038326
06-01-2026 19:00,Z3,27,Weekday,657615
06-01-2026 20:00,Z1,36,Weekday,4759575
06-01-2026 20:00,Z2,36,Weekday,980590
06-01-2026 20:00,Z3,36,Weekday,669395
06-01-2026 21:00,Z1,26,Weekday,4366886
06-01-2026 21:00,Z2,26,Weekday,927243
06-01-2026 21:00,Z3,26,Weekday,514084
06-01-2026 22:00,Z1,36,Weekday,4014352
06-01-2026 22:00,Z2,36,Weekday,893592
06-01-2026 22:00,Z3,36,Weekday,556836
06-01-2026 23:00,Z1,29,Weekday,3798594
06-01-2026 23:00,Z2,29,Weekday,870809
06-01-2026 23:00,Z3,29,Weekday,589052
07-01-2026 00:00,Z1,26,Weekday,4334940
07-01-2026 00:00,Z2,26,Weekday,910296
07-01-2026 00:00,Z3,26,Weekday,534601
07-01-2026 01:00,Z1,22,Weekday,3765874
07-01-2026 01:00,Z2,22,Weekday,786931
07-01-2026 01:00,Z3,22,Weekday,508912
07-01-2026 02:00,Z1,24,Weekday,4336411
07-01-2026 02:00,Z2,24,Weekday,858463
07-01-2026 02:00,Z3,24,Weekday,541082
07-01-2026 03:00,Z1,22,Weekday,4690934
07-01-2026 03:00,Z2,22,Weekday,934844
07-01-2026 03:00,Z3,22,Weekday,508992
07-01-2026 04:00,Z1,21,Weekday,4262978
07-01-2026 04:00,Z2,21,Weekday,935531
07-01-2026 04:00,Z3,21,Weekday,592634
07-01-2026 05:00,Z1,36,Weekday,4015548
07-01-2026 05:00,Z2,36,Weekday,792334
07-01-2026 05:00,Z3,36,Weekday,599158
07-01-2026 06:00,Z1,29,Weekday,4484723
07-01-2026 06:00,Z2,29,Weekday,862821
07-01-2026 06:00,Z3,29,Weekday,547767
07-01-2026 07:00,Z1,26,Weekday,4196892
07-01-2026 07:00,Z2,26,Weekday,939481
07-01-2026 07:00,Z3,26,Weekday,581117
07-01-2026 08:00,Z1,25,Weekday,5429684
07-01-2026 08:00,Z2,25,Weekday,1090200
07-01-2026 08:00,Z3,25,Weekday,678081
07-01-2026 09:00,Z1,23,Weekday,4988490
07-01-2026 09:00,Z2,23,Weekday,987117
07-01-2026 09:00,Z3,23,Weekday,712158
07-01-2026 10:00,Z1,35,Weekday,5352180
07-01-2026 10:00,Z2,35,Weekday,1032755
07-01-2026 10:00,Z3,35,Weekday,684436
07-01-2026 11:00,Z1,21,Weekday,4189803
07-01-2026 11:00,Z2,21,Weekday,896031
07-01-2026 11:00,Z3,21,Weekday,601309
07-01-2026 12:00,Z1,25,Weekday,4704381
07-01-2026 12:00,Z2,25,Weekday,775920
07-01-2026 12:00,Z3,25,Weekday,561754
07-01-2026 13:00,Z1,28,Weekday,4398611
07-01-2026 13:00,Z2,28,Weekday,928042
07-01-2026 13:00,Z3,28,Weekday,538984
07-01-2026 14:00,Z1,20,Weekday,4119452
07-01-2026 14:00,Z2,20,Weekday,899349
07-01-2026 14:00,Z3,20,Weekday,589604
07-01-2026 15:00,Z1,20,Weekday,3987543
07-01-2026 15:00,Z2,20,Weekday,945155
07-01-2026 15:00,Z3,20,Weekday,548736
07-01-2026 16:00,Z1,24,Weekday,4375379
07-01-2026 16:00,Z2,24,Weekday,829937
07-01-2026 16:00,Z3,24,Weekday,586305
07-01-2026 17:00,Z1,20,Weekday,5287110
07-01-2026 17:00,Z2,20,Weekday,1096565
07-01-2026 17:00,Z3,20,Weekday,690839
07-01-2026 18:00,Z1,22,Weekday,5261689
07-01-2026 18:00,Z2,22,Weekday,1047776
07-01-2026 18:00,Z3,22,Weekday,626074
07-01-2026 19:00,Z1,31,Weekday,5249316
07-01-2026 19:00,Z2,31,Weekday,989745
07-01-2026 19:00,Z3,31,Weekday,695301
07-01-2026 20:00,Z1,20,Weekday,5033736
07-01-2026 20:00,Z2,20,Weekday,999137
07-01-2026 20:00,Z3,20,Weekday,645703
07-01-2026 21:00,Z1,28,Weekday,4283245
07-01-2026 21:00,Z2,28,Weekday,913507
07-01-2026 21:00,Z3,28,Weekday,605964
07-01-2026 22:00,Z1,25,Weekday,4537328
07-01-2026 22:00,Z2,25,Weekday,817550
07-01-2026 22:00,Z3,25,Weekday,517407
07-01-2026 23:00,Z1,29,Weekday,4737284
07-01-2026 23:00,Z2,29,Weekday,839372
07-01-2026 23:00,Z3,29,Weekday,493520
08-01-2026 00:00,Z1,24,Weekday,3927115
08-01-2026 00:00,Z2,24,Weekday,791754
08-01-2026 00:00,Z3,24,Weekday,545531
08-01-2026 01:00,Z1,28,Weekday,3927521
08-01-2026 01:00,Z2,28,Weekday,930834
08-01-2026 01:00,Z3,28,Weekday,557482
08-01-2026 02:00,Z1,26,Weekday,4589414
08-01-2026 02:00,Z2,26,Weekday,757962
08-01-2026 02:00,Z3,26,Weekday,533763
08-01-2026 03:00,Z1,20,Weekday,4324566
08-01-2026 03:00,Z2,20,Weekday,849689
08-01-2026 03:00,Z3,20,Weekday,576978
08-01-2026 04:00,Z1,36,Weekday,4670555
08-01-2026 04:00,Z2,36,Weekday,753260
08-01-2026 04:00,Z3,36,Weekday,576519
08-01-2026 05:00,Z1,26,Weekday,3928684
08-01-2026 05:00,Z2,26,Weekday,754952
08-01-2026 05:00,Z3,26,Weekday,573352
08-01-2026 06:00,Z1,30,Weekday,4296269
08-01-2026 06:00,Z2,30,Weekday,850499
08-01-2026 06:00,Z3,30,Weekday,552364
08-01-2026 07:00,Z1,31,Weekday,3783666
08-01-2026 07:00,Z2,31,Weekday,760110
08-01-2026 07:00,Z3,31,Weekday,512984
08-01-2026 08:00,Z1,24,Weekday,4785457
08-01-2026 08:00,Z2,24,Weekday,953984
08-01-2026 08:00,Z3,24,Weekday,697636
08-01-2026 09:00,Z1,28,Weekday,4869300
08-01-2026 09:00,Z2,28,Weekday,1087528
08-01-2026 09:00,Z3,28,Weekday,638856
08-01-2026 10:00,Z1,36,Weekday,5187018
08-01-2026 10:00,Z2,36,Weekday,1053529
08-01-2026 10:00,Z3,36,Weekday,638455
08-01-2026 11:00,Z1,33,Weekday,4031119
08-01-2026 11:00,Z2,33,Weekday,922621
08-01-2026 11:00,Z3,33,Weekday,551418
08-01-2026 12:00,Z1,33,Weekday,4728259
08-01-2026 12:00,Z2,33,Weekday,777849
08-01-2026 12:00,Z3,33,Weekday,495407
08-01-2026 13:00,Z1,21,Weekday,4512934
08-01-2026 13:00,Z2,21,Weekday,924273
08-01-2026 13:00,Z3,21,Weekday,507971
08-01-2026 14:00,Z1,26,Weekday,3780377
08-01-2026 14:00,Z2,26,Weekday,866182
08-01-2026 14:00,Z3,26,Weekday,588291
08-01-2026 15:00,Z1,25,Weekday,3768381
08-01-2026 15:00,Z2,25,Weekday,863274
08-01-2026 15:00,Z3,25,Weekday,521008
08-01-2026 16:00,Z1,37,Weekday,3873359
08-01-2026 16:00,Z2,37,Weekday,785369
08-01-2026 16:00,Z3,37,Weekday,607562
08-01-2026 17:00,Z1,25,Weekday,5378901
08-01-2026 17:00,Z2,25,Weekday,966988
08-01-2026 17:00,Z3,25,Weekday,654198
08-01-2026 18:00,Z1,22,Weekday,5134045
08-01-2026 18:00,Z2,22,Weekday,1044422
08-01-2026 18:00,Z3,22,Weekday,660047
08-01-2026 19:00,Z1,24,Weekday,5051475
08-01-2026 19:00,Z2,24,Weekday,972757
08-01-2026 19:00,Z3,24,Weekday,685997
08-01-2026 20:00,Z1,29,Weekday,4793868
08-01-2026 20:00,Z2,29,Weekday,1024719
08-01-2026 20:00,Z3,29,Weekday,704976
08-01-2026 21:00,Z1,33,Weekday,3858099
08-01-2026 21:00,Z2,33,Weekday,883762
08-01-2026 21:00,Z3,33,Weekday,515711
08-01-2026 22:00,Z1,31,Weekday,4301762
08-01-2026 22:00,Z2,31,Weekday,891776
08-01-2026 22:00,Z3,31,Weekday,510893
08-01-2026 23:00,Z1,33,Weekday,4621693
08-01-2026 23:00,Z2,33,Weekday,753770
08-01-2026 23:00,Z3,33,Weekday,602733
09-01-2026 00:00,Z1,36,Weekday,4130593
09-01-2026 00:00,Z2,36,Weekday,872760
09-01-2026 00:00,Z3,36,Weekday,535697
09-01-2026 01:00,Z1,23,Weekday,4485714
09-01-2026 01:00,Z2,23,Weekday,846235
09-01-2026 01:00,Z3,23,Weekday,562471
09-01-2026 02:00,Z1,33,Weekday,4543318
09-01-2026 02:00,Z2,33,Weekday,946897
09-01-2026 02:00,Z3,33,Weekday,613310
09-01-2026 03:00,Z1,28,Weekday,4053982
09-01-2026 03:00,Z2,28,Weekday,750939
09-01-2026 03:00,Z3,28,Weekday,531467
09-01-2026 04:00,Z1,25,Weekday,4550521
09-01-2026 04:00,Z2,25,Weekday,765651
09-01-2026 04:00,Z3,25,Weekday,601129
09-01-2026 05:00,Z1,27,Weekday,4743901
09-01-2026 05:00,Z2,27,Weekday,828995
09-01-2026 05:00,Z3,27,Weekday,552847
09-01-2026 06:00,Z1,27,Weekday,4327196
09-01-2026 06:00,Z2,27,Weekday,924395
09-01-2026 06:00,Z3,27,Weekday,587313
09-01-2026 07:00,Z1,30,Weekday,4579328
09-01-2026 07:00,Z2,30,Weekday,794754
09-01-2026 07:00,Z3,30,Weekday,575216
09-01-2026 08:00,Z1,22,Weekday,5227520
09-01-2026 08:00,Z2,22,Weekday,1026422
09-01-2026 08:00,Z3,22,Weekday,657761
09-01-2026 09:00,Z1,33,Weekday,4941586
09-01-2026 09:00,Z2,33,Weekday,1048956
09-01-2026 09:00,Z3,33,Weekday,713555
09-01-2026 10:00,Z1,35,Weekday,5130959
09-01-2026 10:00,Z2,35,Weekday,1068293
09-01-2026 10:00,Z3,35,Weekday,714031
09-01-2026 11:00,Z1,35,Weekday,4312540
09-01-2026 11:00,Z2,35,Weekday,939715
09-01-2026 11:00,Z3,35,Weekday,579014
09-01-2026 12:00,Z1,35,Weekday,4636564
09-01-2026 12:00,Z2,35,Weekday,830037
09-01-2026 12:00,Z3,35,Weekday,573632
09-01-2026 13:00,Z1,33,Weekday,3825324
09-01-2026 13:00,Z2,33,Weekday,885160
09-01-2026 13:00,Z3,33,Weekday,555546
09-01-2026 14:00,Z1,22,Weekday,3787556
09-01-2026 14:00,Z2,22,Weekday,890362
09-01-2026 14:00,Z3,22,Weekday,495183
09-01-2026 15:00,Z1,36,Weekday,4082788
09-01-2026 15:00,Z2,36,Weekday,808503
09-01-2026 15:00,Z3,36,Weekday,614537
09-01-2026 16:00,Z1,22,Weekday,3804658
09-01-2026 16:00,Z2,22,Weekday,797006
09-01-2026 16:00,Z3,22,Weekday,514604
09-01-2026 17:00,Z1,27,Weekday,5407270
09-01-2026 17:00,Z2,27,Weekday,959616
09-01-2026 17:00,Z3,27,Weekday,690457
09-01-2026 18:00,Z1,37,Weekday,4967373
09-01-2026 18:00,Z2,37,Weekday,1099381
09-01-2026 18:00,Z3,37,Weekday,622119
09-01-2026 19:00,Z1,28,Weekday,5107750
09-01-2026 19:00,Z2,28,Weekday,981086
09-01-2026 19:00,Z3,28,Weekday,619867
09-01-2026 20:00,Z1,33,Weekday,4855642
09-01-2026 20:00,Z2,33,Weekday,1038414
09-01-2026 20:00,Z3,33,Weekday,661172
09-01-2026 21:00,Z1,20,Weekday,4325069
09-01-2026 21:00,Z2,20,Weekday,761296
09-01-2026 21:00,Z3,20,Weekday,521957
09-01-2026 22:00,Z1,37,Weekday,4719820
09-01-2026 22:00,Z2,37,Weekday,777620
09-01-2026 22:00,Z3,37,Weekday,611458
09-01-2026 23:00,Z1,22,Weekday,3926694
09-01-2026 23:00,Z2,22,Weekday,782800
09-01-2026 23:00,Z3,22,Weekday,530780
10-01-2026 00:00,Z1,37,Weekend,4571353
10-01-2026 00:00,Z2,37,Weekend,805841
10-01-2026 00:00,Z3,37,Weekend,528332
10-01-2026 01:00,Z1,35,Weekend,4080055
10-01-2026 01:00,Z2,35,Weekend,797347
10-01-2026 01:00,Z3,35,Weekend,502260
10-01-2026 02:00,Z1,31,Weekend,4713916
10-01-2026 02:00,Z2,31,Weekend,798386
10-01-2026 02:00,Z3,31,Weekend,595440
10-01-2026 03:00,Z1,21,Weekend,4214138
10-01-2026 03:00,Z2,21,Weekend,803428
10-01-2026 03:00,Z3,21,Weekend,496956
10-01-2026 04:00,Z1,34,Weekend,4078803
10-01-2026 04:00,Z2,34,Weekend,788445
10-01-2026 04:00,Z3,34,Weekend,565507
10-01-2026 05:00,Z1,34,Weekend,3833757
10-01-2026 05:00,Z2,34,Weekend,949088
10-01-2026 05:00,Z3,34,Weekend,601015
10-01-2026 06:00,Z1,33,Weekend,4154971
10-01-2026 06:00,Z2,33,Weekend,938614
10-01-2026 06:00,Z3,33,Weekend,562168
10-01-2026 07:00,Z1,33,Weekend,4223770
10-01-2026 07:00,Z2,33,Weekend,807880
10-01-2026 07:00,Z3,33,Weekend,531062
10-01-2026 08:00,Z1,21,Weekend,4985739
10-01-2026 08:00,Z2,21,Weekend,965133
10-01-2026 08:00,Z3,21,Weekend,668527
10-01-2026 09:00,Z1,27,Weekend,4938945
10-01-2026 09:00,Z2,27,Weekend,977054
10-01-2026 09:00,Z3,27,Weekend,669606
10-01-2026 10:00,Z1,30,Weekend,5217467
10-01-2026 10:00,Z2,30,Weekend,1091559
10-01-2026 10:00,Z3,30,Weekend,677221
10-01-2026 11:00,Z1,21,Weekend,4213783
10-01-2026 11:00,Z2,21,Weekend,915712
10-01-2026 11:00,Z3,21,Weekend,602572
10-01-2026 12:00,Z1,23,Weekend,4517567
10-01-2026 12:00,Z2,23,Weekend,796565
10-01-2026 12:00,Z3,23,Weekend,531383
10-01-2026 13:00,Z1,31,Weekend,4711082
10-01-2026 13:00,Z2,31,Weekend,810021
10-01-2026 13:00,Z3,31,Weekend,596421
10-01-2026 14:00,Z1,31,Weekend,4007600
10-01-2026 14:00,Z2,31,Weekend,825476
10-01-2026 14:00,Z3,31,Weekend,511007
10-01-2026 15:00,Z1,30,Weekend,3831086
10-01-2026 15:00,Z2,30,Weekend,811787
10-01-2026 15:00,Z3,30,Weekend,533027
10-01-2026 16:00,Z1,22,Weekend,3999755
10-01-2026 16:00,Z2,22,Weekend,902728
10-01-2026 16:00,Z3,22,Weekend,586190
10-01-2026 17:00,Z1,23,Weekend,4927251
10-01-2026 17:00,Z2,23,Weekend,1039096
10-01-2026 17:00,Z3,23,Weekend,692206
10-01-2026 18:00,Z1,25,Weekend,4931660
10-01-2026 18:00,Z2,25,Weekend,1028559
10-01-2026 18:00,Z3,25,Weekend,697674
10-01-2026 19:00,Z1,33,Weekend,5050037
10-01-2026 19:00,Z2,33,Weekend,992823
10-01-2026 19:00,Z3,33,Weekend,623150
10-01-2026 20:00,Z1,21,Weekend,5460047
10-01-2026 20:00,Z2,21,Weekend,1045613
10-01-2026 20:00,Z3,21,Weekend,667506
10-01-2026 21:00,Z1,25,Weekend,3984244
10-01-2026 21:00,Z2,25,Weekend,892549
10-01-2026 21:00,Z3,25,Weekend,498083
10-01-2026 22:00,Z1,37,Weekend,4465835
10-01-2026 22:00,Z2,37,Weekend,789497
10-01-2026 22:00,Z3,37,Weekend,613224
10-01-2026 23:00,Z1,32,Weekend,3816076
10-01-2026 23:00,Z2,32,Weekend,810415
10-01-2026 23:00,Z3,32,Weekend,494527
11-01-2026 00:00,Z1,29,Weekend,4338631
11-01-2026 00:00,Z2,29,Weekend,782854
11-01-2026 00:00,Z3,29,Weekend,588952
11-01-2026 01:00,Z1,37,Weekend,4151458
11-01-2026 01:00,Z2,37,Weekend,791918
11-01-2026 01:00,Z3,37,Weekend,488557
11-01-2026 02:00,Z1,31,Weekend,4038972
11-01-2026 02:00,Z2,31,Weekend,860536
11-01-2026 02:00,Z3,31,Weekend,608393
11-01-2026 03:00,Z1,30,Weekend,4160819
11-01-2026 03:00,Z2,30,Weekend,836019
11-01-2026 03:00,Z3,30,Weekend,517615
11-01-2026 04:00,Z1,21,Weekend,4602114
11-01-2026 04:00,Z2,21,Weekend,882784
11-01-2026 04:00,Z3,21,Weekend,562599
11-01-2026 05:00,Z1,26,Weekend,4476265
11-01-2026 05:00,Z2,26,Weekend,769238
11-01-2026 05:00,Z3,26,Weekend,579114
11-01-2026 06:00,Z1,28,Weekend,4656123
11-01-2026 06:00,Z2,28,Weekend,752144
11-01-2026 06:00,Z3,28,Weekend,604397
11-01-2026 07:00,Z1,21,Weekend,4629149
11-01-2026 07:00,Z2,21,Weekend,937983
11-01-2026 07:00,Z3,21,Weekend,574842
11-01-2026 08:00,Z1,32,Weekend,5101053
11-01-2026 08:00,Z2,32,Weekend,1059780
11-01-2026 08:00,Z3,32,Weekend,633336
11-01-2026 09:00,Z1,32,Weekend,5104102
11-01-2026 09:00,Z2,32,Weekend,1016236
11-01-2026 09:00,Z3,32,Weekend,652605
11-01-2026 10:00,Z1,37,Weekend,4931209
11-01-2026 10:00,Z2,37,Weekend,962428
11-01-2026 10:00,Z3,37,Weekend,675999
11-01-2026 11:00,Z1,29,Weekend,3945596
11-01-2026 11:00,Z2,29,Weekend,803232
11-01-2026 11:00,Z3,29,Weekend,488299
11-01-2026 12:00,Z1,21,Weekend,3942355
11-01-2026 12:00,Z2,21,Weekend,919851
11-01-2026 12:00,Z3,21,Weekend,574922
11-01-2026 13:00,Z1,35,Weekend,4375361
11-01-2026 13:00,Z2,35,Weekend,750158
11-01-2026 13:00,Z3,35,Weekend,509810
11-01-2026 14:00,Z1,24,Weekend,4370141
11-01-2026 14:00,Z2,24,Weekend,808520
11-01-2026 14:00,Z3,24,Weekend,570150
11-01-2026 15:00,Z1,33,Weekend,3949854
11-01-2026 15:00,Z2,33,Weekend,852564
11-01-2026 15:00,Z3,33,Weekend,499789
11-01-2026 16:00,Z1,31,Weekend,4363842
11-01-2026 16:00,Z2,31,Weekend,918418
11-01-2026 16:00,Z3,31,Weekend,566035
11-01-2026 17:00,Z1,27,Weekend,5254053
11-01-2026 17:00,Z2,27,Weekend,979011
11-01-2026 17:00,Z3,27,Weekend,660293
11-01-2026 18:00,Z1,35,Weekend,5153237
11-01-2026 18:00,Z2,35,Weekend,994428
11-01-2026 18:00,Z3,35,Weekend,673213
11-01-2026 19:00,Z1,32,Weekend,5370888
11-01-2026 19:00,Z2,32,Weekend,1006354
11-01-2026 19:00,Z3,32,Weekend,639033
11-01-2026 20:00,Z1,37,Weekend,5310387
11-01-2026 20:00,Z2,37,Weekend,975196
11-01-2026 20:00,Z3,37,Weekend,645842
11-01-2026 21:00,Z1,26,Weekend,4481587
11-01-2026 21:00,Z2,26,Weekend,780415
11-01-2026 21:00,Z3,26,Weekend,600162
11-01-2026 22:00,Z1,21,Weekend,4115607
11-01-2026 22:00,Z2,21,Weekend,923632
11-01-2026 22:00,Z3,21,Weekend,499486
11-01-2026 23:00,Z1,33,Weekend,4279229
11-01-2026 23:00,Z2,33,Weekend,909114
11-01-2026 23:00,Z3,33,Weekend,546282
12-01-2026 00:00,Z1,32,Weekday,3955534
12-01-2026 00:00,Z2,32,Weekday,932394
12-01-2026 00:00,Z3,32,Weekday,497607
12-01-2026 01:00,Z1,32,Weekday,4088507
12-01-2026 01:00,Z2,32,Weekday,860296
12-01-2026 01:00,Z3,32,Weekday,609037
12-01-2026 02:00,Z1,22,Weekday,4216356
12-01-2026 02:00,Z2,22,Weekday,881181
12-01-2026 02:00,Z3,22,Weekday,613875
12-01-2026 03:00,Z1,26,Weekday,4325122
12-01-2026 03:00,Z2,26,Weekday,876169
12-01-2026 03:00,Z3,26,Weekday,553121
12-01-2026 04:00,Z1,29,Weekday,4037818
12-01-2026 04:00,Z2,29,Weekday,949510
12-01-2026 04:00,Z3,29,Weekday,502079
12-01-2026 05:00,Z1,26,Weekday,3815464
12-01-2026 05:00,Z2,26,Weekday,881375
12-01-2026 05:00,Z3,26,Weekday,508848
12-01-2026 06:00,Z1,32,Weekday,4348083
12-01-2026 06:00,Z2,32,Weekday,801864
12-01-2026 06:00,Z3,32,Weekday,595384
12-01-2026 07:00,Z1,21,Weekday,4556583
12-01-2026 07:00,Z2,21,Weekday,889766
12-01-2026 07:00,Z3,21,Weekday,585539
12-01-2026 08:00,Z1,29,Weekday,5432391
12-01-2026 08:00,Z2,29,Weekday,962353
12-01-2026 08:00,Z3,29,Weekday,651652
12-01-2026 09:00,Z1,20,Weekday,5011023
12-01-2026 09:00,Z2,20,Weekday,988555
12-01-2026 09:00,Z3,20,Weekday,687789
12-01-2026 10:00,Z1,30,Weekday,5339139
12-01-2026 10:00,Z2,30,Weekday,1007310
12-01-2026 10:00,Z3,30,Weekday,623538
12-01-2026 11:00,Z1,22,Weekday,4592509
12-01-2026 11:00,Z2,22,Weekday,871795
12-01-2026 11:00,Z3,22,Weekday,510716
12-01-2026 12:00,Z1,24,Weekday,4239075
12-01-2026 12:00,Z2,24,Weekday,878010
12-01-2026 12:00,Z3,24,Weekday,556216
12-01-2026 13:00,Z1,26,Weekday,4336499
12-01-2026 13:00,Z2,26,Weekday,830491
12-01-2026 13:00,Z3,26,Weekday,502251
12-01-2026 14:00,Z1,20,Weekday,4228271
12-01-2026 14:00,Z2,20,Weekday,895951
12-01-2026 14:00,Z3,20,Weekday,562297
12-01-2026 15:00,Z1,37,Weekday,4283118
12-01-2026 15:00,Z2,37,Weekday,907220
12-01-2026 15:00,Z3,37,Weekday,515108
12-01-2026 16:00,Z1,34,Weekday,4691404
12-01-2026 16:00,Z2,34,Weekday,760934
12-01-2026 16:00,Z3,34,Weekday,610563
12-01-2026 17:00,Z1,35,Weekday,5204632
12-01-2026 17:00,Z2,35,Weekday,989198
12-01-2026 17:00,Z3,35,Weekday,646807
12-01-2026 18:00,Z1,20,Weekday,5287417
12-01-2026 18:00,Z2,20,Weekday,1094659
12-01-2026 18:00,Z3,20,Weekday,629479
12-01-2026 19:00,Z1,20,Weekday,5460733
12-01-2026 19:00,Z2,20,Weekday,985846
12-01-2026 19:00,Z3,20,Weekday,683625
12-01-2026 20:00,Z1,37,Weekday,5245916
12-01-2026 20:00,Z2,37,Weekday,988948
12-01-2026 20:00,Z3,37,Weekday,660601
12-01-2026 21:00,Z1,30,Weekday,4602469
12-01-2026 21:00,Z2,30,Weekday,810209
12-01-2026 21:00,Z3,30,Weekday,494137
12-01-2026 22:00,Z1,20,Weekday,4036082
12-01-2026 22:00,Z2,20,Weekday,823483
12-01-2026 22:00,Z3,20,Weekday,594718
12-01-2026 23:00,Z1,36,Weekday,4015179
12-01-2026 23:00,Z2,36,Weekday,883724
12-01-2026 23:00,Z3,36,Weekday,601324
13-01-2026 00:00,Z1,21,Weekday,4323562
13-01-2026 00:00,Z2,21,Weekday,764717
13-01-2026 00:00,Z3,21,Weekday,533463
13-01-2026 01:00,Z1,27,Weekday,4420566
13-01-2026 01:00,Z2,27,Weekday,825189
13-01-2026 01:00,Z3,27,Weekday,590869
13-01-2026 02:00,Z1,35,Weekday,4331943
13-01-2026 02:00,Z2,35,Weekday,753904
13-01-2026 02:00,Z3,35,Weekday,551896
13-01-2026 03:00,Z1,22,Weekday,4150728
13-01-2026 03:00,Z2,22,Weekday,886194
13-01-2026 03:00,Z3,22,Weekday,548636
13-01-2026 04:00,Z1,34,Weekday,4615311
13-01-2026 04:00,Z2,34,Weekday,899046
13-01-2026 04:00,Z3,34,Weekday,615187
13-01-2026 05:00,Z1,28,Weekday,4530554
13-01-2026 05:00,Z2,28,Weekday,923295
13-01-2026 05:00,Z3,28,Weekday,546476
13-01-2026 06:00,Z1,37,Weekday,4629524
13-01-2026 06:00,Z2,37,Weekday,900873
13-01-2026 06:00,Z3,37,Weekday,513263
13-01-2026 07:00,Z1,35,Weekday,4512189
13-01-2026 07:00,Z2,35,Weekday,948168
13-01-2026 07:00,Z3,35,Weekday,610740
13-01-2026 08:00,Z1,34,Weekday,5289179
13-01-2026 08:00,Z2,34,Weekday,1006741
13-01-2026 08:00,Z3,34,Weekday,647383
13-01-2026 09:00,Z1,29,Weekday,5382431
13-01-2026 09:00,Z2,29,Weekday,997208
13-01-2026 09:00,Z3,29,Weekday,674932
13-01-2026 10:00,Z1,33,Weekday,4938310
13-01-2026 10:00,Z2,33,Weekday,995933
13-01-2026 10:00,Z3,33,Weekday,662670
13-01-2026 11:00,Z1,26,Weekday,4513118
13-01-2026 11:00,Z2,26,Weekday,750730
13-01-2026 11:00,Z3,26,Weekday,571466
13-01-2026 12:00,Z1,36,Weekday,3935800
13-01-2026 12:00,Z2,36,Weekday,769288
13-01-2026 12:00,Z3,36,Weekday,508157
13-01-2026 13:00,Z1,33,Weekday,4410162
13-01-2026 13:00,Z2,33,Weekday,873174
13-01-2026 13:00,Z3,33,Weekday,608446
13-01-2026 14:00,Z1,36,Weekday,3792462
13-01-2026 14:00,Z2,36,Weekday,809473
13-01-2026 14:00,Z3,36,Weekday,605519
13-01-2026 15:00,Z1,27,Weekday,4025930
13-01-2026 15:00,Z2,27,Weekday,894015
13-01-2026 15:00,Z3,27,Weekday,523457
13-01-2026 16:00,Z1,22,Weekday,3822343
13-01-2026 16:00,Z2,22,Weekday,779123
13-01-2026 16:00,Z3,22,Weekday,617209
13-01-2026 17:00,Z1,32,Weekday,5358208
13-01-2026 17:00,Z2,32,Weekday,1005999
13-01-2026 17:00,Z3,32,Weekday,661281
13-01-2026 18:00,Z1,36,Weekday,5254810
13-01-2026 18:00,Z2,36,Weekday,1096240
13-01-2026 18:00,Z3,36,Weekday,629159
13-01-2026 19:00,Z1,27,Weekday,5093486
13-01-2026 19:00,Z2,27,Weekday,990103
13-01-2026 19:00,Z3,27,Weekday,634921
13-01-2026 20:00,Z1,25,Weekday,5063720
13-01-2026 20:00,Z2,25,Weekday,1060968
13-01-2026 20:00,Z3,25,Weekday,619797
13-01-2026 21:00,Z1,22,Weekday,3943531
13-01-2026 21:00,Z2,22,Weekday,820775
13-01-2026 21:00,Z3,22,Weekday,560392
13-01-2026 22:00,Z1,23,Weekday,3794189
13-01-2026 22:00,Z2,23,Weekday,802595
13-01-2026 22:00,Z3,23,Weekday,524170
13-01-2026 23:00,Z1,35,Weekday,4555560
13-01-2026 23:00,Z2,35,Weekday,768975
13-01-2026 23:00,Z3,35,Weekday,571333
14-01-2026 00:00,Z1,26,Weekday,4653251
14-01-2026 00:00,Z2,26,Weekday,911443
14-01-2026 00:00,Z3,26,Weekday,533585
14-01-2026 01:00,Z1,21,Weekday,3988585
14-01-2026 01:00,Z2,21,Weekday,816836
14-01-2026 01:00,Z3,21,Weekday,549719
14-01-2026 02:00,Z1,31,Weekday,3777148
14-01-2026 02:00,Z2,31,Weekday,890928
14-01-2026 02:00,Z3,31,Weekday,575962
14-01-2026 03:00,Z1,35,Weekday,4616142
14-01-2026 03:00,Z2,35,Weekday,805611
14-01-2026 03:00,Z3,35,Weekday,515512
14-01-2026 04:00,Z1,26,Weekday,4107292
14-01-2026 04:00,Z2,26,Weekday,911625
14-01-2026 04:00,Z3,26,Weekday,588355
14-01-2026 05:00,Z1,37,Weekday,4497134
14-01-2026 05:00,Z2,37,Weekday,904438
14-01-2026 05:00,Z3,37,Weekday,598637
14-01-2026 06:00,Z1,35,Weekday,4414462
14-01-2026 06:00,Z2,35,Weekday,834068
14-01-2026 06:00,Z3,35,Weekday,489983
14-01-2026 07:00,Z1,31,Weekday,4526002
14-01-2026 07:00,Z2,31,Weekday,922004
14-01-2026 07:00,Z3,31,Weekday,608602
14-01-2026 08:00,Z1,28,Weekday,5473105
14-01-2026 08:00,Z2,28,Weekday,1037029
14-01-2026 08:00,Z3,28,Weekday,635379
14-01-2026 09:00,Z1,21,Weekday,5380878
14-01-2026 09:00,Z2,21,Weekday,1012200
14-01-2026 09:00,Z3,21,Weekday,639194
14-01-2026 10:00,Z1,36,Weekday,5374084
14-01-2026 10:00,Z2,36,Weekday,1007629
14-01-2026 10:00,Z3,36,Weekday,628348
14-01-2026 11:00,Z1,33,Weekday,4376475
14-01-2026 11:00,Z2,33,Weekday,855048
14-01-2026 11:00,Z3,33,Weekday,528155
14-01-2026 12:00,Z1,24,Weekday,3792350
14-01-2026 12:00,Z2,24,Weekday,845072
14-01-2026 12:00,Z3,24,Weekday,493612
14-01-2026 13:00,Z1,24,Weekday,4393580
14-01-2026 13:00,Z2,24,Weekday,946004
14-01-2026 13:00,Z3,24,Weekday,515895
14-01-2026 14:00,Z1,26,Weekday,4157157
14-01-2026 14:00,Z2,26,Weekday,892343
14-01-2026 14:00,Z3,26,Weekday,606648
14-01-2026 15:00,Z1,25,Weekday,4647385
14-01-2026 15:00,Z2,25,Weekday,850134
14-01-2026 15:00,Z3,25,Weekday,567199
14-01-2026 16:00,Z1,33,Weekday,3881765
14-01-2026 16:00,Z2,33,Weekday,852200
14-01-2026 16:00,Z3,33,Weekday,594534
14-01-2026 17:00,Z1,25,Weekday,4868676
14-01-2026 17:00,Z2,25,Weekday,1018808
14-01-2026 17:00,Z3,25,Weekday,630640
14-01-2026 18:00,Z1,24,Weekday,4819843
14-01-2026 18:00,Z2,24,Weekday,974305
14-01-2026 18:00,Z3,24,Weekday,704038
14-01-2026 19:00,Z1,21,Weekday,5095227
14-01-2026 19:00,Z2,21,Weekday,1080303
14-01-2026 19:00,Z3,21,Weekday,661887
14-01-2026 20:00,Z1,29,Weekday,4881840
14-01-2026 20:00,Z2,29,Weekday,952356
14-01-2026 20:00,Z3,29,Weekday,677218
14-01-2026 21:00,Z1,31,Weekday,3926168
14-01-2026 21:00,Z2,31,Weekday,830531
14-01-2026 21:00,Z3,31,Weekday,567278
14-01-2026 22:00,Z1,32,Weekday,4473629
14-01-2026 22:00,Z2,32,Weekday,886010
14-01-2026 22:00,Z3,32,Weekday,525100
14-01-2026 23:00,Z1,20,Weekday,4651386
14-01-2026 23:00,Z2,20,Weekday,767917
14-01-2026 23:00,Z3,20,Weekday,532146
15-01-2026 00:00,Z1,32,Weekday,4354140
15-01-2026 00:00,Z2,32,Weekday,910081
15-01-2026 00:00,Z3,32,Weekday,577963
15-01-2026 01:00,Z1,20,Weekday,4571408
15-01-2026 01:00,Z2,20,Weekday,771933
15-01-2026 01:00,Z3,20,Weekday,577545
15-01-2026 02:00,Z1,23,Weekday,3982156
15-01-2026 02:00,Z2,23,Weekday,833726
15-01-2026 02:00,Z3,23,Weekday,536140
15-01-2026 03:00,Z1,35,Weekday,3859661
15-01-2026 03:00,Z2,35,Weekday,869849
15-01-2026 03:00,Z3,35,Weekday,495348
15-01-2026 04:00,Z1,29,Weekday,3865957
15-01-2026 04:00,Z2,29,Weekday,857062
15-01-2026 04:00,Z3,29,Weekday,516966
15-01-2026 05:00,Z1,22,Weekday,4103462
15-01-2026 05:00,Z2,22,Weekday,766992
15-01-2026 05:00,Z3,22,Weekday,550833
15-01-2026 06:00,Z1,36,Weekday,3805050
15-01-2026 06:00,Z2,36,Weekday,756863
15-01-2026 06:00,Z3,36,Weekday,529322
15-01-2026 07:00,Z1,33,Weekday,4615647
15-01-2026 07:00,Z2,33,Weekday,764064
15-01-2026 07:00,Z3,33,Weekday,490514
15-01-2026 08:00,Z1,27,Weekday,4823795
15-01-2026 08:00,Z2,27,Weekday,1071526
15-01-2026 08:00,Z3,27,Weekday,687016
15-01-2026 09:00,Z1,33,Weekday,5383803
15-01-2026 09:00,Z2,33,Weekday,979035
15-01-2026 09:00,Z3,33,Weekday,665734
15-01-2026 10:00,Z1,23,Weekday,4928029
15-01-2026 10:00,Z2,23,Weekday,1027020
15-01-2026 10:00,Z3,23,Weekday,620634
15-01-2026 11:00,Z1,28,Weekday,4368034
15-01-2026 11:00,Z2,28,Weekday,930684
15-01-2026 11:00,Z3,28,Weekday,588644
15-01-2026 12:00,Z1,24,Weekday,4147022
15-01-2026 12:00,Z2,24,Weekday,797594
15-01-2026 12:00,Z3,24,Weekday,510645
15-01-2026 13:00,Z1,36,Weekday,4598655
15-01-2026 13:00,Z2,36,Weekday,811655
15-01-2026 13:00,Z3,36,Weekday,600914
15-01-2026 14:00,Z1,35,Weekday,4241534
15-01-2026 14:00,Z2,35,Weekday,757500
15-01-2026 14:00,Z3,35,Weekday,561165
15-01-2026 15:00,Z1,21,Weekday,4573912
15-01-2026 15:00,Z2,21,Weekday,881265
15-01-2026 15:00,Z3,21,Weekday,487605
15-01-2026 16:00,Z1,28,Weekday,4017233
15-01-2026 16:00,Z2,28,Weekday,762501
15-01-2026 16:00,Z3,28,Weekday,564056
15-01-2026 17:00,Z1,34,Weekday,4958810
15-01-2026 17:00,Z2,34,Weekday,1034832
15-01-2026 17:00,Z3,34,Weekday,679234
15-01-2026 18:00,Z1,37,Weekday,4902093
15-01-2026 18:00,Z2,37,Weekday,1067427
15-01-2026 18:00,Z3,37,Weekday,637742
15-01-2026 19:00,Z1,36,Weekday,4943455
15-01-2026 19:00,Z2,36,Weekday,1068019
15-01-2026 19:00,Z3,36,Weekday,652019
15-01-2026 20:00,Z1,25,Weekday,5434223
15-01-2026 20:00,Z2,25,Weekday,1006955
15-01-2026 20:00,Z3,25,Weekday,651135
15-01-2026 21:00,Z1,31,Weekday,3765749
15-01-2026 21:00,Z2,31,Weekday,867844
15-01-2026 21:00,Z3,31,Weekday,548096
15-01-2026 22:00,Z1,28,Weekday,4432008
15-01-2026 22:00,Z2,28,Weekday,934209
15-01-2026 22:00,Z3,28,Weekday,509968
15-01-2026 23:00,Z1,32,Weekday,4527851
15-01-2026 23:00,Z2,32,Weekday,939139
15-01-2026 23:00,Z3,32,Weekday,553483
16-01-2026 00:00,Z1,28,Weekday,4160140
16-01-2026 00:00,Z2,28,Weekday,793360
16-01-2026 00:00,Z3,28,Weekday,612522
16-01-2026 01:00,Z1,37,Weekday,4407665
16-01-2026 01:00,Z2,37,Weekday,919525
16-01-2026 01:00,Z3,37,Weekday,575002
16-01-2026 02:00,Z1,21,Weekday,4399241
16-01-2026 02:00,Z2,21,Weekday,850109
16-01-2026 02:00,Z3,21,Weekday,498294
16-01-2026 03:00,Z1,28,Weekday,4360975
16-01-2026 03:00,Z2,28,Weekday,834590
16-01-2026 03:00,Z3,28,Weekday,505179
16-01-2026 04:00,Z1,20,Weekday,4531385
16-01-2026 04:00,Z2,20,Weekday,937105
16-01-2026 04:00,Z3,20,Weekday,566581
16-01-2026 05:00,Z1,34,Weekday,3752206
16-01-2026 05:00,Z2,34,Weekday,803187
16-01-2026 05:00,Z3,34,Weekday,513844
16-01-2026 06:00,Z1,24,Weekday,4605288
16-01-2026 06:00,Z2,24,Weekday,753457
16-01-2026 06:00,Z3,24,Weekday,577156
16-01-2026 07:00,Z1,21,Weekday,4096514
16-01-2026 07:00,Z2,21,Weekday,866513
16-01-2026 07:00,Z3,21,Weekday,531860
16-01-2026 08:00,Z1,33,Weekday,5124524
16-01-2026 08:00,Z2,33,Weekday,1018795
16-01-2026 08:00,Z3,33,Weekday,627232
16-01-2026 09:00,Z1,24,Weekday,5262514
16-01-2026 09:00,Z2,24,Weekday,1059647
16-01-2026 09:00,Z3,24,Weekday,707054
16-01-2026 10:00,Z1,21,Weekday,5039478
16-01-2026 10:00,Z2,21,Weekday,1098521
16-01-2026 10:00,Z3,21,Weekday,655567
16-01-2026 11:00,Z1,31,Weekday,3901595
16-01-2026 11:00,Z2,31,Weekday,793788
16-01-2026 11:00,Z3,31,Weekday,609128
16-01-2026 12:00,Z1,35,Weekday,4071517
16-01-2026 12:00,Z2,35,Weekday,835436
16-01-2026 12:00,Z3,35,Weekday,574506
16-01-2026 13:00,Z1,29,Weekday,4240688
16-01-2026 13:00,Z2,29,Weekday,763182
16-01-2026 13:00,Z3,29,Weekday,489204
16-01-2026 14:00,Z1,29,Weekday,4222886
16-01-2026 14:00,Z2,29,Weekday,896336
16-01-2026 14:00,Z3,29,Weekday,531095
16-01-2026 15:00,Z1,23,Weekday,4218450
16-01-2026 15:00,Z2,23,Weekday,805319
16-01-2026 15:00,Z3,23,Weekday,602680
16-01-2026 16:00,Z1,32,Weekday,3939657
16-01-2026 16:00,Z2,32,Weekday,916709
16-01-2026 16:00,Z3,32,Weekday,559243
16-01-2026 17:00,Z1,26,Weekday,5188016
16-01-2026 17:00,Z2,26,Weekday,1058759
16-01-2026 17:00,Z3,26,Weekday,643606
16-01-2026 18:00,Z1,24,Weekday,4831431
16-01-2026 18:00,Z2,24,Weekday,1014193
16-01-2026 18:00,Z3,24,Weekday,705526
16-01-2026 19:00,Z1,32,Weekday,5415364
16-01-2026 19:00,Z2,32,Weekday,989740
16-01-2026 19:00,Z3,32,Weekday,617787
16-01-2026 20:00,Z1,35,Weekday,4892927
16-01-2026 20:00,Z2,35,Weekday,1054493
16-01-2026 20:00,Z3,35,Weekday,701874
16-01-2026 21:00,Z1,21,Weekday,3903583
16-01-2026 21:00,Z2,21,Weekday,756759
16-01-2026 21:00,Z3,21,Weekday,509643
16-01-2026 22:00,Z1,31,Weekday,3880838
16-01-2026 22:00,Z2,31,Weekday,931768
16-01-2026 22:00,Z3,31,Weekday,508780
16-01-2026 23:00,Z1,30,Weekday,4335783
16-01-2026 23:00,Z2,30,Weekday,936426
16-01-2026 23:00,Z3,30,Weekday,598557
17-01-2026 00:00,Z1,28,Weekend,4544939
17-01-2026 00:00,Z2,28,Weekend,933903
17-01-2026 00:00,Z3,28,Weekend,510659
17-01-2026 01:00,Z1,22,Weekend,3870159
17-01-2026 01:00,Z2,22,Weekend,878741
17-01-2026 01:00,Z3,22,Weekend,537203
17-01-2026 02:00,Z1,34,Weekend,4556705
17-01-2026 02:00,Z2,34,Weekend,920996
17-01-2026 02:00,Z3,34,Weekend,525569
17-01-2026 03:00,Z1,28,Weekend,4594642
17-01-2026 03:00,Z2,28,Weekend,786879
17-01-2026 03:00,Z3,28,Weekend,572893
17-01-2026 04:00,Z1,36,Weekend,4226216
17-01-2026 04:00,Z2,36,Weekend,832978
17-01-2026 04:00,Z3,36,Weekend,487961
17-01-2026 05:00,Z1,21,Weekend,4162274
17-01-2026 05:00,Z2,21,Weekend,787545
17-01-2026 05:00,Z3,21,Weekend,534824
17-01-2026 06:00,Z1,24,Weekend,4461461
17-01-2026 06:00,Z2,24,Weekend,761986
17-01-2026 06:00,Z3,24,Weekend,616670
17-01-2026 07:00,Z1,35,Weekend,4501619
17-01-2026 07:00,Z2,35,Weekend,856063
17-01-2026 07:00,Z3,35,Weekend,549867
17-01-2026 08:00,Z1,36,Weekend,5033335
17-01-2026 08:00,Z2,36,Weekend,1080912
17-01-2026 08:00,Z3,36,Weekend,638614
17-01-2026 09:00,Z1,35,Weekend,5428079
17-01-2026 09:00,Z2,35,Weekend,1026196
17-01-2026 09:00,Z3,35,Weekend,638335
17-01-2026 10:00,Z1,23,Weekend,5305829
17-01-2026 10:00,Z2,23,Weekend,1029353
17-01-2026 10:00,Z3,23,Weekend,632241
17-01-2026 11:00,Z1,34,Weekend,4042764
17-01-2026 11:00,Z2,34,Weekend,777679
17-01-2026 11:00,Z3,34,Weekend,507786
17-01-2026 12:00,Z1,26,Weekend,4425568
17-01-2026 12:00,Z2,26,Weekend,839448
17-01-2026 12:00,Z3,26,Weekend,514243
17-01-2026 13:00,Z1,31,Weekend,4605330
17-01-2026 13:00,Z2,31,Weekend,779499
17-01-2026 13:00,Z3,31,Weekend,529563
17-01-2026 14:00,Z1,24,Weekend,3824622
17-01-2026 14:00,Z2,24,Weekend,916739
17-01-2026 14:00,Z3,24,Weekend,603776
17-01-2026 15:00,Z1,20,Weekend,4716514
17-01-2026 15:00,Z2,20,Weekend,858465
17-01-2026 15:00,Z3,20,Weekend,550254
17-01-2026 16:00,Z1,21,Weekend,3911609
17-01-2026 16:00,Z2,21,Weekend,818929
17-01-2026 16:00,Z3,21,Weekend,517703
17-01-2026 17:00,Z1,34,Weekend,4752129
17-01-2026 17:00,Z2,34,Weekend,1066460
17-01-2026 17:00,Z3,34,Weekend,635122
17-01-2026 18:00,Z1,35,Weekend,5325462
17-01-2026 18:00,Z2,35,Weekend,1071014
17-01-2026 18:00,Z3,35,Weekend,671558
17-01-2026 19:00,Z1,26,Weekend,4796435
17-01-2026 19:00,Z2,26,Weekend,963233
17-01-2026 19:00,Z3,26,Weekend,637683
17-01-2026 20:00,Z1,26,Weekend,4758722
17-01-2026 20:00,Z2,26,Weekend,1081091
17-01-2026 20:00,Z3,26,Weekend,660743
17-01-2026 21:00,Z1,33,Weekend,4628358
17-01-2026 21:00,Z2,33,Weekend,927935
17-01-2026 21:00,Z3,33,Weekend,595701
17-01-2026 22:00,Z1,28,Weekend,4309650
17-01-2026 22:00,Z2,28,Weekend,857778
17-01-2026 22:00,Z3,28,Weekend,495562
17-01-2026 23:00,Z1,23,Weekend,4602076
17-01-2026 23:00,Z2,23,Weekend,834791
17-01-2026 23:00,Z3,23,Weekend,507879
18-01-2026 00:00,Z1,33,Weekend,4327557
18-01-2026 00:00,Z2,33,Weekend,937253
18-01-2026 00:00,Z3,33,Weekend,523366
18-01-2026 01:00,Z1,30,Weekend,4400251
18-01-2026 01:00,Z2,30,Weekend,772794
18-01-2026 01:00,Z3,30,Weekend,524698
18-01-2026 02:00,Z1,23,Weekend,4589630
18-01-2026 02:00,Z2,23,Weekend,913916
18-01-2026 02:00,Z3,23,Weekend,614773
18-01-2026 03:00,Z1,28,Weekend,4595895
18-01-2026 03:00,Z2,28,Weekend,773677
18-01-2026 03:00,Z3,28,Weekend,597953
18-01-2026 04:00,Z1,32,Weekend,4023794
18-01-2026 04:00,Z2,32,Weekend,917398
18-01-2026 04:00,Z3,32,Weekend,577537
18-01-2026 05:00,Z1,34,Weekend,4127209
18-01-2026 05:00,Z2,34,Weekend,772622
18-01-2026 05:00,Z3,34,Weekend,583737
18-01-2026 06:00,Z1,31,Weekend,3955011
18-01-2026 06:00,Z2,31,Weekend,948172
18-01-2026 06:00,Z3,31,Weekend,515065
18-01-2026 07:00,Z1,21,Weekend,4452153
18-01-2026 07:00,Z2,21,Weekend,784275
18-01-2026 07:00,Z3,21,Weekend,500837
18-01-2026 08:00,Z1,32,Weekend,5471596
18-01-2026 08:00,Z2,32,Weekend,978469
18-01-2026 08:00,Z3,32,Weekend,652222
18-01-2026 09:00,Z1,25,Weekend,5001812
18-01-2026 09:00,Z2,25,Weekend,977028
18-01-2026 09:00,Z3,25,Weekend,708815
18-01-2026 10:00,Z1,24,Weekend,5405437
18-01-2026 10:00,Z2,24,Weekend,950999
18-01-2026 10:00,Z3,24,Weekend,710843
18-01-2026 11:00,Z1,36,Weekend,4703744
18-01-2026 11:00,Z2,36,Weekend,769206
18-01-2026 11:00,Z3,36,Weekend,565328
18-01-2026 12:00,Z1,25,Weekend,3900115
18-01-2026 12:00,Z2,25,Weekend,889839
18-01-2026 12:00,Z3,25,Weekend,515381
18-01-2026 13:00,Z1,30,Weekend,3984725
18-01-2026 13:00,Z2,30,Weekend,841324
18-01-2026 13:00,Z3,30,Weekend,582939
18-01-2026 14:00,Z1,25,Weekend,4469088
18-01-2026 14:00,Z2,25,Weekend,900963
18-01-2026 14:00,Z3,25,Weekend,603938
18-01-2026 15:00,Z1,30,Weekend,4517138
18-01-2026 15:00,Z2,30,Weekend,824533
18-01-2026 15:00,Z3,30,Weekend,560177
18-01-2026 16:00,Z1,20,Weekend,4284855
18-01-2026 16:00,Z2,20,Weekend,799612
18-01-2026 16:00,Z3,20,Weekend,531365
18-01-2026 17:00,Z1,26,Weekend,5438442
18-01-2026 17:00,Z2,26,Weekend,995031
18-01-2026 17:00,Z3,26,Weekend,691049
18-01-2026 18:00,Z1,35,Weekend,5090029
18-01-2026 18:00,Z2,35,Weekend,982027
18-01-2026 18:00,Z3,35,Weekend,668503
18-01-2026 19:00,Z1,37,Weekend,5268025
18-01-2026 19:00,Z2,37,Weekend,1045792
18-01-2026 19:00,Z3,37,Weekend,619358
18-01-2026 20:00,Z1,21,Weekend,5306511
18-01-2026 20:00,Z2,21,Weekend,1082479
18-01-2026 20:00,Z3,21,Weekend,682863
18-01-2026 21:00,Z1,28,Weekend,4659323
18-01-2026 21:00,Z2,28,Weekend,785739
18-01-2026 21:00,Z3,28,Weekend,543967
18-01-2026 22:00,Z1,34,Weekend,3948198
18-01-2026 22:00,Z2,34,Weekend,809326
18-01-2026 22:00,Z3,34,Weekend,562514
18-01-2026 23:00,Z1,33,Weekend,4432372
18-01-2026 23:00,Z2,33,Weekend,841996
18-01-2026 23:00,Z3,33,Weekend,542664
19-01-2026 00:00,Z1,21,Weekday,4263895
19-01-2026 00:00,Z2,21,Weekday,944941
19-01-2026 00:00,Z3,21,Weekday,543896
19-01-2026 01:00,Z1,21,Weekday,4039377
19-01-2026 01:00,Z2,21,Weekday,938540
19-01-2026 01:00,Z3,21,Weekday,573417
19-01-2026 02:00,Z1,36,Weekday,4714432
19-01-2026 02:00,Z2,36,Weekday,754574
19-01-2026 02:00,Z3,36,Weekday,506195
19-01-2026 03:00,Z1,31,Weekday,4078779
19-01-2026 03:00,Z2,31,Weekday,850936
19-01-2026 03:00,Z3,31,Weekday,496925
19-01-2026 04:00,Z1,27,Weekday,4183808
19-01-2026 04:00,Z2,27,Weekday,847215
19-01-2026 04:00,Z3,27,Weekday,547292
19-01-2026 05:00,Z1,21,Weekday,4167195
19-01-2026 05:00,Z2,21,Weekday,945808
19-01-2026 05:00,Z3,21,Weekday,503230
19-01-2026 06:00,Z1,23,Weekday,4433662
19-01-2026 06:00,Z2,23,Weekday,788090
19-01-2026 06:00,Z3,23,Weekday,588634
19-01-2026 07:00,Z1,27,Weekday,4190376
19-01-2026 07:00,Z2,27,Weekday,870117
19-01-2026 07:00,Z3,27,Weekday,526026
19-01-2026 08:00,Z1,33,Weekday,5396392
19-01-2026 08:00,Z2,33,Weekday,1081183
19-01-2026 08:00,Z3,33,Weekday,633361
19-01-2026 09:00,Z1,31,Weekday,5120575
19-01-2026 09:00,Z2,31,Weekday,961901
19-01-2026 09:00,Z3,31,Weekday,636378
19-01-2026 10:00,Z1,28,Weekday,4956585
19-01-2026 10:00,Z2,28,Weekday,1044891
19-01-2026 10:00,Z3,28,Weekday,641118
19-01-2026 11:00,Z1,35,Weekday,3873690
19-01-2026 11:00,Z2,35,Weekday,792019
19-01-2026 11:00,Z3,35,Weekday,613815
19-01-2026 12:00,Z1,25,Weekday,4039121
19-01-2026 12:00,Z2,25,Weekday,753576
19-01-2026 12:00,Z3,25,Weekday,575421
19-01-2026 13:00,Z1,37,Weekday,4303227
19-01-2026 13:00,Z2,37,Weekday,891903
19-01-2026 13:00,Z3,37,Weekday,551473
19-01-2026 14:00,Z1,22,Weekday,4605073
19-01-2026 14:00,Z2,22,Weekday,911413
19-01-2026 14:00,Z3,22,Weekday,574807
19-01-2026 15:00,Z1,31,Weekday,4340623
19-01-2026 15:00,Z2,31,Weekday,835421
19-01-2026 15:00,Z3,31,Weekday,511423
19-01-2026 16:00,Z1,35,Weekday,4740633
19-01-2026 16:00,Z2,35,Weekday,902133
19-01-2026 16:00,Z3,35,Weekday,576469
19-01-2026 17:00,Z1,31,Weekday,4814175
19-01-2026 17:00,Z2,31,Weekday,1018984
19-01-2026 17:00,Z3,31,Weekday,644538
19-01-2026 18:00,Z1,21,Weekday,5047388
19-01-2026 18:00,Z2,21,Weekday,1041197
19-01-2026 18:00,Z3,21,Weekday,685119
19-01-2026 19:00,Z1,31,Weekday,5293801
19-01-2026 19:00,Z2,31,Weekday,976039
19-01-2026 19:00,Z3,31,Weekday,638376
19-01-2026 20:00,Z1,24,Weekday,5328845
19-01-2026 20:00,Z2,24,Weekday,997577
19-01-2026 20:00,Z3,24,Weekday,689308
19-01-2026 21:00,Z1,22,Weekday,3950230
19-01-2026 21:00,Z2,22,Weekday,936895
19-01-2026 21:00,Z3,22,Weekday,613044
19-01-2026 22:00,Z1,30,Weekday,3796548
19-01-2026 22:00,Z2,30,Weekday,832081
19-01-2026 22:00,Z3,30,Weekday,608412
19-01-2026 23:00,Z1,32,Weekday,4072670
19-01-2026 23:00,Z2,32,Weekday,805732
19-01-2026 23:00,Z3,32,Weekday,597709
20-01-2026 00:00,Z1,35,Weekday,3974939
20-01-2026 00:00,Z2,35,Weekday,765505
20-01-2026 00:00,Z3,35,Weekday,602786
20-01-2026 01:00,Z1,37,Weekday,4484454
20-01-2026 01:00,Z2,37,Weekday,865256
20-01-2026 01:00,Z3,37,Weekday,587364
20-01-2026 02:00,Z1,36,Weekday,3826591
20-01-2026 02:00,Z2,36,Weekday,827203
20-01-2026 02:00,Z3,36,Weekday,557732
20-01-2026 03:00,Z1,21,Weekday,4147768
20-01-2026 03:00,Z2,21,Weekday,913380
20-01-2026 03:00,Z3,21,Weekday,604223
20-01-2026 04:00,Z1,31,Weekday,4367400
20-01-2026 04:00,Z2,31,Weekday,885518
20-01-2026 04:00,Z3,31,Weekday,584603
20-01-2026 05:00,Z1,33,Weekday,4501445
20-01-2026 05:00,Z2,33,Weekday,924905
20-01-2026 05:00,Z3,33,Weekday,588809
20-01-2026 06:00,Z1,31,Weekday,4157987
20-01-2026 06:00,Z2,31,Weekday,881392
20-01-2026 06:00,Z3,31,Weekday,608146
20-01-2026 07:00,Z1,37,Weekday,4304750
20-01-2026 07:00,Z2,37,Weekday,922612
20-01-2026 07:00,Z3,37,Weekday,541114
20-01-2026 08:00,Z1,33,Weekday,4828719
20-01-2026 08:00,Z2,33,Weekday,969671
20-01-2026 08:00,Z3,33,Weekday,675216
20-01-2026 09:00,Z1,24,Weekday,5060230
20-01-2026 09:00,Z2,24,Weekday,1083737
20-01-2026 09:00,Z3,24,Weekday,648931
20-01-2026 10:00,Z1,21,Weekday,4765588
20-01-2026 10:00,Z2,21,Weekday,981780
20-01-2026 10:00,Z3,21,Weekday,660330
20-01-2026 11:00,Z1,20,Weekday,4046370
20-01-2026 11:00,Z2,20,Weekday,766842
20-01-2026 11:00,Z3,20,Weekday,616146
20-01-2026 12:00,Z1,25,Weekday,4023228
20-01-2026 12:00,Z2,25,Weekday,914702
20-01-2026 12:00,Z3,25,Weekday,519008
20-01-2026 13:00,Z1,35,Weekday,4713456
20-01-2026 13:00,Z2,35,Weekday,904103
20-01-2026 13:00,Z3,35,Weekday,548306
20-01-2026 14:00,Z1,27,Weekday,4534931
20-01-2026 14:00,Z2,27,Weekday,927169
20-01-2026 14:00,Z3,27,Weekday,561791
20-01-2026 15:00,Z1,30,Weekday,4032337
20-01-2026 15:00,Z2,30,Weekday,885057
20-01-2026 15:00,Z3,30,Weekday,523916
20-01-2026 16:00,Z1,35,Weekday,4288067
20-01-2026 16:00,Z2,35,Weekday,856753
20-01-2026 16:00,Z3,35,Weekday,602109
20-01-2026 17:00,Z1,24,Weekday,5346284
20-01-2026 17:00,Z2,24,Weekday,961417
20-01-2026 17:00,Z3,24,Weekday,638820
20-01-2026 18:00,Z1,23,Weekday,5184170
20-01-2026 18:00,Z2,23,Weekday,1009312
20-01-2026 18:00,Z3,23,Weekday,684925
20-01-2026 19:00,Z1,37,Weekday,4795811
20-01-2026 19:00,Z2,37,Weekday,1038203
20-01-2026 19:00,Z3,37,Weekday,653386
20-01-2026 20:00,Z1,20,Weekday,5260199
20-01-2026 20:00,Z2,20,Weekday,1035439
20-01-2026 20:00,Z3,20,Weekday,695990
20-01-2026 21:00,Z1,20,Weekday,4115653
20-01-2026 21:00,Z2,20,Weekday,912063
20-01-2026 21:00,Z3,20,Weekday,613200
20-01-2026 22:00,Z1,36,Weekday,4269266
20-01-2026 22:00,Z2,36,Weekday,818630
20-01-2026 22:00,Z3,36,Weekday,596473
20-01-2026 23:00,Z1,36,Weekday,3796161
20-01-2026 23:00,Z2,36,Weekday,774742
20-01-2026 23:00,Z3,36,Weekday,593170
21-01-2026 00:00,Z1,27,Weekday,4544002
21-01-2026 00:00,Z2,27,Weekday,861428
21-01-2026 00:00,Z3,27,Weekday,491503
21-01-2026 01:00,Z1,25,Weekday,4314503
21-01-2026 01:00,Z2,25,Weekday,791641
21-01-2026 01:00,Z3,25,Weekday,583283
21-01-2026 02:00,Z1,25,Weekday,4107232
21-01-2026 02:00,Z2,25,Weekday,819361
21-01-2026 02:00,Z3,25,Weekday,587826
21-01-2026 03:00,Z1,37,Weekday,3773304
21-01-2026 03:00,Z2,37,Weekday,840238
21-01-2026 03:00,Z3,37,Weekday,497150
21-01-2026 04:00,Z1,20,Weekday,4491990
21-01-2026 04:00,Z2,20,Weekday,821463
21-01-2026 04:00,Z3,20,Weekday,522073
21-01-2026 05:00,Z1,22,Weekday,4331830
21-01-2026 05:00,Z2,22,Weekday,862378
21-01-2026 05:00,Z3,22,Weekday,562945
21-01-2026 06:00,Z1,27,Weekday,4463792
21-01-2026 06:00,Z2,27,Weekday,879175
21-01-2026 06:00,Z3,27,Weekday,533397
21-01-2026 07:00,Z1,27,Weekday,4547958
21-01-2026 07:00,Z2,27,Weekday,925213
21-01-2026 07:00,Z3,27,Weekday,615782
21-01-2026 08:00,Z1,20,Weekday,4890501
21-01-2026 08:00,Z2,20,Weekday,1042113
21-01-2026 08:00,Z3,20,Weekday,648070
21-01-2026 09:00,Z1,23,Weekday,5084433
21-01-2026 09:00,Z2,23,Weekday,1096654
21-01-2026 09:00,Z3,23,Weekday,625326
21-01-2026 10:00,Z1,25,Weekday,5246014
21-01-2026 10:00,Z2,25,Weekday,988942
21-01-2026 10:00,Z3,25,Weekday,636426
21-01-2026 11:00,Z1,23,Weekday,4447705
21-01-2026 11:00,Z2,23,Weekday,857188
21-01-2026 11:00,Z3,23,Weekday,614456
21-01-2026 12:00,Z1,25,Weekday,3750504
21-01-2026 12:00,Z2,25,Weekday,759064
21-01-2026 12:00,Z3,25,Weekday,546859
21-01-2026 13:00,Z1,31,Weekday,4354563
21-01-2026 13:00,Z2,31,Weekday,815994
21-01-2026 13:00,Z3,31,Weekday,551261
21-01-2026 14:00,Z1,21,Weekday,3818860
21-01-2026 14:00,Z2,21,Weekday,879321
21-01-2026 14:00,Z3,21,Weekday,559993
21-01-2026 15:00,Z1,35,Weekday,4491908
21-01-2026 15:00,Z2,35,Weekday,791493
21-01-2026 15:00,Z3,35,Weekday,503704
21-01-2026 16:00,Z1,32,Weekday,4329017
21-01-2026 16:00,Z2,32,Weekday,813539
21-01-2026 16:00,Z3,32,Weekday,539645
21-01-2026 17:00,Z1,26,Weekday,5094754
21-01-2026 17:00,Z2,26,Weekday,958325
21-01-2026 17:00,Z3,26,Weekday,626618
21-01-2026 18:00,Z1,20,Weekday,5139613
21-01-2026 18:00,Z2,20,Weekday,1063736
21-01-2026 18:00,Z3,20,Weekday,668096
21-01-2026 19:00,Z1,33,Weekday,4871115
21-01-2026 19:00,Z2,33,Weekday,987753
21-01-2026 19:00,Z3,33,Weekday,666672
21-01-2026 20:00,Z1,37,Weekday,5416250
21-01-2026 20:00,Z2,37,Weekday,972488
21-01-2026 20:00,Z3,37,Weekday,669877
21-01-2026 21:00,Z1,33,Weekday,4699882
21-01-2026 21:00,Z2,33,Weekday,891689
21-01-2026 21:00,Z3,33,Weekday,571572
21-01-2026 22:00,Z1,31,Weekday,4056712
21-01-2026 22:00,Z2,31,Weekday,933122
21-01-2026 22:00,Z3,31,Weekday,564265
21-01-2026 23:00,Z1,34,Weekday,4016590
21-01-2026 23:00,Z2,34,Weekday,771789
21-01-2026 23:00,Z3,34,Weekday,562701
22-01-2026 00:00,Z1,31,Weekday,3930147
22-01-2026 00:00,Z2,31,Weekday,878766
22-01-2026 00:00,Z3,31,Weekday,576873
22-01-2026 01:00,Z1,34,Weekday,4007953
22-01-2026 01:00,Z2,34,Weekday,929740
22-01-2026 01:00,Z3,34,Weekday,536553
22-01-2026 02:00,Z1,34,Weekday,4033912
22-01-2026 02:00,Z2,34,Weekday,876876
22-01-2026 02:00,Z3,34,Weekday,493393
22-01-2026 03:00,Z1,37,Weekday,4307659
22-01-2026 03:00,Z2,37,Weekday,839560
22-01-2026 03:00,Z3,37,Weekday,574736
22-01-2026 04:00,Z1,35,Weekday,4297998
22-01-2026 04:00,Z2,35,Weekday,911267
22-01-2026 04:00,Z3,35,Weekday,500014
22-01-2026 05:00,Z1,21,Weekday,4543994
22-01-2026 05:00,Z2,21,Weekday,875536
22-01-2026 05:00,Z3,21,Weekday,557766
22-01-2026 06:00,Z1,21,Weekday,4072742
22-01-2026 06:00,Z2,21,Weekday,768849
22-01-2026 06:00,Z3,21,Weekday,539989
22-01-2026 07:00,Z1,34,Weekday,4202177
22-01-2026 07:00,Z2,34,Weekday,801107
22-01-2026 07:00,Z3,34,Weekday,574294
22-01-2026 08:00,Z1,23,Weekday,4909947
22-01-2026 08:00,Z2,23,Weekday,1042314
22-01-2026 08:00,Z3,23,Weekday,641745
22-01-2026 09:00,Z1,37,Weekday,4867225
22-01-2026 09:00,Z2,37,Weekday,1029717
22-01-2026 09:00,Z3,37,Weekday,648957
22-01-2026 10:00,Z1,33,Weekday,5433178
22-01-2026 10:00,Z2,33,Weekday,1081747
22-01-2026 10:00,Z3,33,Weekday,657883
22-01-2026 11:00,Z1,36,Weekday,4739948
22-01-2026 11:00,Z2,36,Weekday,855284
22-01-2026 11:00,Z3,36,Weekday,496739
22-01-2026 12:00,Z1,31,Weekday,3763356
22-01-2026 12:00,Z2,31,Weekday,789623
22-01-2026 12:00,Z3,31,Weekday,546707
22-01-2026 13:00,Z1,27,Weekday,3810005
22-01-2026 13:00,Z2,27,Weekday,856147
22-01-2026 13:00,Z3,27,Weekday,490662
22-01-2026 14:00,Z1,36,Weekday,4433895
22-01-2026 14:00,Z2,36,Weekday,810088
22-01-2026 14:00,Z3,36,Weekday,582485
22-01-2026 15:00,Z1,22,Weekday,4252263
22-01-2026 15:00,Z2,22,Weekday,838171
22-01-2026 15:00,Z3,22,Weekday,493244
22-01-2026 16:00,Z1,36,Weekday,3852201
22-01-2026 16:00,Z2,36,Weekday,863709
22-01-2026 16:00,Z3,36,Weekday,600423
22-01-2026 17:00,Z1,31,Weekday,5024198
22-01-2026 17:00,Z2,31,Weekday,958249
22-01-2026 17:00,Z3,31,Weekday,666849
22-01-2026 18:00,Z1,35,Weekday,5163208
22-01-2026 18:00,Z2,35,Weekday,1031948
22-01-2026 18:00,Z3,35,Weekday,637383
22-01-2026 19:00,Z1,21,Weekday,5381851
22-01-2026 19:00,Z2,21,Weekday,994188
22-01-2026 19:00,Z3,21,Weekday,681022
22-01-2026 20:00,Z1,29,Weekday,4815821
22-01-2026 20:00,Z2,29,Weekday,1077787
22-01-2026 20:00,Z3,29,Weekday,623234
22-01-2026 21:00,Z1,37,Weekday,4681015
22-01-2026 21:00,Z2,37,Weekday,822020
22-01-2026 21:00,Z3,37,Weekday,536184
22-01-2026 22:00,Z1,24,Weekday,4669903
22-01-2026 22:00,Z2,24,Weekday,810174
22-01-2026 22:00,Z3,24,Weekday,511132
22-01-2026 23:00,Z1,26,Weekday,3852718
22-01-2026 23:00,Z2,26,Weekday,846852
22-01-2026 23:00,Z3,26,Weekday,541361
23-01-2026 00:00,Z1,32,Weekday,4647865
23-01-2026 00:00,Z2,32,Weekday,784039
23-01-2026 00:00,Z3,32,Weekday,529572
23-01-2026 01:00,Z1,34,Weekday,4257617
23-01-2026 01:00,Z2,34,Weekday,833454
23-01-2026 01:00,Z3,34,Weekday,593901
23-01-2026 02:00,Z1,26,Weekday,3908299
23-01-2026 02:00,Z2,26,Weekday,870495
23-01-2026 02:00,Z3,26,Weekday,543609
23-01-2026 03:00,Z1,26,Weekday,4542840
23-01-2026 03:00,Z2,26,Weekday,853196
23-01-2026 03:00,Z3,26,Weekday,567425
23-01-2026 04:00,Z1,30,Weekday,4242923
23-01-2026 04:00,Z2,30,Weekday,869271
23-01-2026 04:00,Z3,30,Weekday,580771
23-01-2026 05:00,Z1,30,Weekday,4495942
23-01-2026 05:00,Z2,30,Weekday,768427
23-01-2026 05:00,Z3,30,Weekday,495036
23-01-2026 06:00,Z1,24,Weekday,4406589
23-01-2026 06:00,Z2,24,Weekday,808352
23-01-2026 06:00,Z3,24,Weekday,617480
23-01-2026 07:00,Z1,32,Weekday,4218707
23-01-2026 07:00,Z2,32,Weekday,785152
23-01-2026 07:00,Z3,32,Weekday,574428
23-01-2026 08:00,Z1,23,Weekday,4935991
23-01-2026 08:00,Z2,23,Weekday,994963
23-01-2026 08:00,Z3,23,Weekday,617740
23-01-2026 09:00,Z1,30,Weekday,4992262
23-01-2026 09:00,Z2,30,Weekday,1078391
23-01-2026 09:00,Z3,30,Weekday,678759
23-01-2026 10:00,Z1,21,Weekday,5102754
23-01-2026 10:00,Z2,21,Weekday,1045113
23-01-2026 10:00,Z3,21,Weekday,714896
23-01-2026 11:00,Z1,22,Weekday,4213854
23-01-2026 11:00,Z2,22,Weekday,910672
23-01-2026 11:00,Z3,22,Weekday,562167
23-01-2026 12:00,Z1,33,Weekday,4083460
23-01-2026 12:00,Z2,33,Weekday,805983
23-01-2026 12:00,Z3,33,Weekday,548986
23-01-2026 13:00,Z1,34,Weekday,4433985
23-01-2026 13:00,Z2,34,Weekday,878404
23-01-2026 13:00,Z3,34,Weekday,498159
23-01-2026 14:00,Z1,25,Weekday,4399351
23-01-2026 14:00,Z2,25,Weekday,784990
23-01-2026 14:00,Z3,25,Weekday,588887
23-01-2026 15:00,Z1,29,Weekday,4522903
23-01-2026 15:00,Z2,29,Weekday,754119
23-01-2026 15:00,Z3,29,Weekday,579552
23-01-2026 16:00,Z1,33,Weekday,4345206
23-01-2026 16:00,Z2,33,Weekday,779521
23-01-2026 16:00,Z3,33,Weekday,612712
23-01-2026 17:00,Z1,26,Weekday,4924089
23-01-2026 17:00,Z2,26,Weekday,1070657
23-01-2026 17:00,Z3,26,Weekday,655692
23-01-2026 18:00,Z1,22,Weekday,5449353
23-01-2026 18:00,Z2,22,Weekday,1007754
23-01-2026 18:00,Z3,22,Weekday,676484
23-01-2026 19:00,Z1,21,Weekday,5082241
23-01-2026 19:00,Z2,21,Weekday,968185
23-01-2026 19:00,Z3,21,Weekday,700029
23-01-2026 20:00,Z1,33,Weekday,5437811
23-01-2026 20:00,Z2,33,Weekday,1039508
23-01-2026 20:00,Z3,33,Weekday,708761
23-01-2026 21:00,Z1,28,Weekday,4726663
23-01-2026 21:00,Z2,28,Weekday,903091
23-01-2026 21:00,Z3,28,Weekday,599102
23-01-2026 22:00,Z1,29,Weekday,3823789
23-01-2026 22:00,Z2,29,Weekday,937950
23-01-2026 22:00,Z3,29,Weekday,491667
23-01-2026 23:00,Z1,25,Weekday,4090705
23-01-2026 23:00,Z2,25,Weekday,769592
23-01-2026 23:00,Z3,25,Weekday,504615
24-01-2026 00:00,Z1,21,Weekend,4111334
24-01-2026 00:00,Z2,21,Weekend,828288
24-01-2026 00:00,Z3,21,Weekend,509295
24-01-2026 01:00,Z1,30,Weekend,4179605
24-01-2026 01:00,Z2,30,Weekend,763425
24-01-2026 01:00,Z3,30,Weekend,494303
24-01-2026 02:00,Z1,32,Weekend,4636526
24-01-2026 02:00,Z2,32,Weekend,868767
24-01-2026 02:00,Z3,32,Weekend,534136
24-01-2026 03:00,Z1,36,Weekend,4280544
24-01-2026 03:00,Z2,36,Weekend,872362
24-01-2026 03:00,Z3,36,Weekend,537797
24-01-2026 04:00,Z1,28,Weekend,4735823
24-01-2026 04:00,Z2,28,Weekend,755672
24-01-2026 04:00,Z3,28,Weekend,519284
24-01-2026 05:00,Z1,29,Weekend,3886944
24-01-2026 05:00,Z2,29,Weekend,886054
24-01-2026 05:00,Z3,29,Weekend,545307
24-01-2026 06:00,Z1,23,Weekend,4419124
24-01-2026 06:00,Z2,23,Weekend,948006
24-01-2026 06:00,Z3,23,Weekend,584228
24-01-2026 07:00,Z1,33,Weekend,4663237
24-01-2026 07:00,Z2,33,Weekend,822878
24-01-2026 07:00,Z3,33,Weekend,576978
24-01-2026 08:00,Z1,36,Weekend,4808877
24-01-2026 08:00,Z2,36,Weekend,986295
24-01-2026 08:00,Z3,36,Weekend,677396
24-01-2026 09:00,Z1,27,Weekend,5223377
24-01-2026 09:00,Z2,27,Weekend,1082343
24-01-2026 09:00,Z3,27,Weekend,685670
24-01-2026 10:00,Z1,22,Weekend,5462143
24-01-2026 10:00,Z2,22,Weekend,977913
24-01-2026 10:00,Z3,22,Weekend,711902
24-01-2026 11:00,Z1,25,Weekend,4462476
24-01-2026 11:00,Z2,25,Weekend,819142
24-01-2026 11:00,Z3,25,Weekend,546608
24-01-2026 12:00,Z1,34,Weekend,3916558
24-01-2026 12:00,Z2,34,Weekend,871050
24-01-2026 12:00,Z3,34,Weekend,507221
24-01-2026 13:00,Z1,29,Weekend,3850962
24-01-2026 13:00,Z2,29,Weekend,834890
24-01-2026 13:00,Z3,29,Weekend,561682
24-01-2026 14:00,Z1,25,Weekend,4688901
24-01-2026 14:00,Z2,25,Weekend,807337
24-01-2026 14:00,Z3,25,Weekend,597685
24-01-2026 15:00,Z1,23,Weekend,4102314
24-01-2026 15:00,Z2,23,Weekend,879389
24-01-2026 15:00,Z3,23,Weekend,595596
24-01-2026 16:00,Z1,20,Weekend,4160870
24-01-2026 16:00,Z2,20,Weekend,933890
24-01-2026 16:00,Z3,20,Weekend,594902
24-01-2026 17:00,Z1,37,Weekend,5432361
24-01-2026 17:00,Z2,37,Weekend,1099209
24-01-2026 17:00,Z3,37,Weekend,680489
24-01-2026 18:00,Z1,29,Weekend,5466472
24-01-2026 18:00,Z2,29,Weekend,971566
24-01-2026 18:00,Z3,29,Weekend,623883
24-01-2026 19:00,Z1,28,Weekend,4940114
24-01-2026 19:00,Z2,28,Weekend,1004013
24-01-2026 19:00,Z3,28,Weekend,647773
24-01-2026 20:00,Z1,32,Weekend,5249660
24-01-2026 20:00,Z2,32,Weekend,1007851
24-01-2026 20:00,Z3,32,Weekend,708323
24-01-2026 21:00,Z1,31,Weekend,4340639
24-01-2026 21:00,Z2,31,Weekend,807120
24-01-2026 21:00,Z3,31,Weekend,556517
24-01-2026 22:00,Z1,34,Weekend,4516796
24-01-2026 22:00,Z2,34,Weekend,793088
24-01-2026 22:00,Z3,34,Weekend,541176
24-01-2026 23:00,Z1,30,Weekend,4297229
24-01-2026 23:00,Z2,30,Weekend,912558
24-01-2026 23:00,Z3,30,Weekend,498417
25-01-2026 00:00,Z1,35,Weekend,4660748
25-01-2026 00:00,Z2,35,Weekend,753523
25-01-2026 00:00,Z3,35,Weekend,585133
25-01-2026 01:00,Z1,32,Weekend,3926592
25-01-2026 01:00,Z2,32,Weekend,888719
25-01-2026 01:00,Z3,32,Weekend,492982
25-01-2026 02:00,Z1,29,Weekend,4489374
25-01-2026 02:00,Z2,29,Weekend,873599
25-01-2026 02:00,Z3,29,Weekend,509294
25-01-2026 03:00,Z1,30,Weekend,4477445
25-01-2026 03:00,Z2,30,Weekend,871357
25-01-2026 03:00,Z3,30,Weekend,541864
25-01-2026 04:00,Z1,35,Weekend,4303203
25-01-2026 04:00,Z2,35,Weekend,844494
25-01-2026 04:00,Z3,35,Weekend,570958
25-01-2026 05:00,Z1,36,Weekend,4095206
25-01-2026 05:00,Z2,36,Weekend,789548
25-01-2026 05:00,Z3,36,Weekend,514812
25-01-2026 06:00,Z1,27,Weekend,4186284
25-01-2026 06:00,Z2,27,Weekend,910463
25-01-2026 06:00,Z3,27,Weekend,492869
25-01-2026 07:00,Z1,24,Weekend,3783508
25-01-2026 07:00,Z2,24,Weekend,812115
25-01-2026 07:00,Z3,24,Weekend,565194
25-01-2026 08:00,Z1,26,Weekend,4867995
25-01-2026 08:00,Z2,26,Weekend,1015299
25-01-2026 08:00,Z3,26,Weekend,634487
25-01-2026 09:00,Z1,34,Weekend,5070997
25-01-2026 09:00,Z2,34,Weekend,1047387
25-01-2026 09:00,Z3,34,Weekend,618162
25-01-2026 10:00,Z1,30,Weekend,5242714
25-01-2026 10:00,Z2,30,Weekend,1008059
25-01-2026 10:00,Z3,30,Weekend,691029
25-01-2026 11:00,Z1,21,Weekend,4607762
25-01-2026 11:00,Z2,21,Weekend,926092
25-01-2026 11:00,Z3,21,Weekend,531119
25-01-2026 12:00,Z1,28,Weekend,4486691
25-01-2026 12:00,Z2,28,Weekend,816746
25-01-2026 12:00,Z3,28,Weekend,608912
25-01-2026 13:00,Z1,25,Weekend,4095286
25-01-2026 13:00,Z2,25,Weekend,750581
25-01-2026 13:00,Z3,25,Weekend,517581
25-01-2026 14:00,Z1,37,Weekend,4092643
25-01-2026 14:00,Z2,37,Weekend,762324
25-01-2026 14:00,Z3,37,Weekend,535542
25-01-2026 15:00,Z1,35,Weekend,4380871
25-01-2026 15:00,Z2,35,Weekend,776766
25-01-2026 15:00,Z3,35,Weekend,537536
25-01-2026 16:00,Z1,34,Weekend,4112190
25-01-2026 16:00,Z2,34,Weekend,926411
25-01-2026 16:00,Z3,34,Weekend,487697
25-01-2026 17:00,Z1,28,Weekend,5209795
25-01-2026 17:00,Z2,28,Weekend,1056153
25-01-2026 17:00,Z3,28,Weekend,673566
25-01-2026 18:00,Z1,34,Weekend,5214238
25-01-2026 18:00,Z2,34,Weekend,1070405
25-01-2026 18:00,Z3,34,Weekend,703939
25-01-2026 19:00,Z1,28,Weekend,5029220
25-01-2026 19:00,Z2,28,Weekend,1081046
25-01-2026 19:00,Z3,28,Weekend,620241
25-01-2026 20:00,Z1,37,Weekend,4772783
25-01-2026 20:00,Z2,37,Weekend,1055522
25-01-2026 20:00,Z3,37,Weekend,635559
25-01-2026 21:00,Z1,32,Weekend,3909263
25-01-2026 21:00,Z2,32,Weekend,848810
25-01-2026 21:00,Z3,32,Weekend,568466
25-01-2026 22:00,Z1,30,Weekend,4210675
25-01-2026 22:00,Z2,30,Weekend,809378
25-01-2026 22:00,Z3,30,Weekend,579510
25-01-2026 23:00,Z1,24,Weekend,4543101
25-01-2026 23:00,Z2,24,Weekend,947126
25-01-2026 23:00,Z3,24,Weekend,573429
26-01-2026 00:00,Z1,25,Weekday,4516416
26-01-2026 00:00,Z2,25,Weekday,934592
26-01-2026 00:00,Z3,25,Weekday,525513
26-01-2026 01:00,Z1,26,Weekday,4028087
26-01-2026 01:00,Z2,26,Weekday,833959
26-01-2026 01:00,Z3,26,Weekday,513091
26-01-2026 02:00,Z1,33,Weekday,4708726
26-01-2026 02:00,Z2,33,Weekday,858981
26-01-2026 02:00,Z3,33,Weekday,527166
26-01-2026 03:00,Z1,32,Weekday,4185898
26-01-2026 03:00,Z2,32,Weekday,890857
26-01-2026 03:00,Z3,32,Weekday,583037
26-01-2026 04:00,Z1,29,Weekday,3918404
26-01-2026 04:00,Z2,29,Weekday,890015
26-01-2026 04:00,Z3,29,Weekday,534729
26-01-2026 05:00,Z1,20,Weekday,3954150
26-01-2026 05:00,Z2,20,Weekday,864504
26-01-2026 05:00,Z3,20,Weekday,513615
26-01-2026 06:00,Z1,37,Weekday,3956493
26-01-2026 06:00,Z2,37,Weekday,843536
26-01-2026 06:00,Z3,37,Weekday,501839
26-01-2026 07:00,Z1,31,Weekday,4487672
26-01-2026 07:00,Z2,31,Weekday,937491
26-01-2026 07:00,Z3,31,Weekday,510131
26-01-2026 08:00,Z1,37,Weekday,4771571
26-01-2026 08:00,Z2,37,Weekday,963686
26-01-2026 08:00,Z3,37,Weekday,669989
26-01-2026 09:00,Z1,24,Weekday,4857828
26-01-2026 09:00,Z2,24,Weekday,1054867
26-01-2026 09:00,Z3,24,Weekday,701607
26-01-2026 10:00,Z1,32,Weekday,4829763
26-01-2026 10:00,Z2,32,Weekday,1005794
26-01-2026 10:00,Z3,32,Weekday,653561
26-01-2026 11:00,Z1,28,Weekday,3961707
26-01-2026 11:00,Z2,28,Weekday,912553
26-01-2026 11:00,Z3,28,Weekday,610195
26-01-2026 12:00,Z1,29,Weekday,3910489
26-01-2026 12:00,Z2,29,Weekday,841455
26-01-2026 12:00,Z3,29,Weekday,595875
26-01-2026 13:00,Z1,25,Weekday,4719824
26-01-2026 13:00,Z2,25,Weekday,852256
26-01-2026 13:00,Z3,25,Weekday,584767
26-01-2026 14:00,Z1,29,Weekday,4435072
26-01-2026 14:00,Z2,29,Weekday,876222
26-01-2026 14:00,Z3,29,Weekday,593830
26-01-2026 15:00,Z1,24,Weekday,4694952
26-01-2026 15:00,Z2,24,Weekday,776152
26-01-2026 15:00,Z3,24,Weekday,498109
26-01-2026 16:00,Z1,24,Weekday,3861910
26-01-2026 16:00,Z2,24,Weekday,868215
26-01-2026 16:00,Z3,24,Weekday,507688
26-01-2026 17:00,Z1,25,Weekday,4844170
26-01-2026 17:00,Z2,25,Weekday,1030290
26-01-2026 17:00,Z3,25,Weekday,669828
26-01-2026 18:00,Z1,30,Weekday,4839508
26-01-2026 18:00,Z2,30,Weekday,1028895
26-01-2026 18:00,Z3,30,Weekday,684570
26-01-2026 19:00,Z1,21,Weekday,5003941
26-01-2026 19:00,Z2,21,Weekday,1021261
26-01-2026 19:00,Z3,21,Weekday,700731
26-01-2026 20:00,Z1,30,Weekday,5084908
26-01-2026 20:00,Z2,30,Weekday,984412
26-01-2026 20:00,Z3,30,Weekday,699575
26-01-2026 21:00,Z1,37,Weekday,4470276
26-01-2026 21:00,Z2,37,Weekday,924859
26-01-2026 21:00,Z3,37,Weekday,501930
26-01-2026 22:00,Z1,30,Weekday,4410606
26-01-2026 22:00,Z2,30,Weekday,926216
26-01-2026 22:00,Z3,30,Weekday,598218
26-01-2026 23:00,Z1,21,Weekday,4723504
26-01-2026 23:00,Z2,21,Weekday,833137
26-01-2026 23:00,Z3,21,Weekday,573274
27-01-2026 00:00,Z1,26,Weekday,4369551
27-01-2026 00:00,Z2,26,Weekday,846296
27-01-2026 00:00,Z3,26,Weekday,508021
27-01-2026 01:00,Z1,25,Weekday,4034542
27-01-2026 01:00,Z2,25,Weekday,813444
27-01-2026 01:00,Z3,25,Weekday,517830
27-01-2026 02:00,Z1,23,Weekday,4024192
27-01-2026 02:00,Z2,23,Weekday,901444
27-01-2026 02:00,Z3,23,Weekday,566240
27-01-2026 03:00,Z1,32,Weekday,4168433
27-01-2026 03:00,Z2,32,Weekday,917091
27-01-2026 03:00,Z3,32,Weekday,588053
27-01-2026 04:00,Z1,22,Weekday,4736806
27-01-2026 04:00,Z2,22,Weekday,845868
27-01-2026 04:00,Z3,22,Weekday,572606
27-01-2026 05:00,Z1,23,Weekday,4215362
27-01-2026 05:00,Z2,23,Weekday,773999
27-01-2026 05:00,Z3,23,Weekday,587739
27-01-2026 06:00,Z1,24,Weekday,4520114
27-01-2026 06:00,Z2,24,Weekday,753736
27-01-2026 06:00,Z3,24,Weekday,491414
27-01-2026 07:00,Z1,36,Weekday,4363402
27-01-2026 07:00,Z2,36,Weekday,793354
27-01-2026 07:00,Z3,36,Weekday,531951
27-01-2026 08:00,Z1,29,Weekday,5091221
27-01-2026 08:00,Z2,29,Weekday,1009210
27-01-2026 08:00,Z3,29,Weekday,698995
27-01-2026 09:00,Z1,35,Weekday,5262017
27-01-2026 09:00,Z2,35,Weekday,1066058
27-01-2026 09:00,Z3,35,Weekday,665321
27-01-2026 10:00,Z1,30,Weekday,4788881
27-01-2026 10:00,Z2,30,Weekday,1057189
27-01-2026 10:00,Z3,30,Weekday,691400
27-01-2026 11:00,Z1,35,Weekday,3853295
27-01-2026 11:00,Z2,35,Weekday,929519
27-01-2026 11:00,Z3,35,Weekday,608681
27-01-2026 12:00,Z1,23,Weekday,4135333
27-01-2026 12:00,Z2,23,Weekday,833236
27-01-2026 12:00,Z3,23,Weekday,497729
27-01-2026 13:00,Z1,26,Weekday,4381930
27-01-2026 13:00,Z2,26,Weekday,897995
27-01-2026 13:00,Z3,26,Weekday,590032
27-01-2026 14:00,Z1,21,Weekday,4069308
27-01-2026 14:00,Z2,21,Weekday,809070
27-01-2026 14:00,Z3,21,Weekday,553182
27-01-2026 15:00,Z1,22,Weekday,4704455
27-01-2026 15:00,Z2,22,Weekday,811150
27-01-2026 15:00,Z3,22,Weekday,598533
27-01-2026 16:00,Z1,30,Weekday,3891797
27-01-2026 16:00,Z2,30,Weekday,804847
27-01-2026 16:00,Z3,30,Weekday,557690
27-01-2026 17:00,Z1,30,Weekday,4897161
27-01-2026 17:00,Z2,30,Weekday,1042522
27-01-2026 17:00,Z3,30,Weekday,692729
27-01-2026 18:00,Z1,27,Weekday,5157042
27-01-2026 18:00,Z2,27,Weekday,988134
27-01-2026 18:00,Z3,27,Weekday,626451
27-01-2026 19:00,Z1,22,Weekday,4942589
27-01-2026 19:00,Z2,22,Weekday,1028366
27-01-2026 19:00,Z3,22,Weekday,654058
27-01-2026 20:00,Z1,29,Weekday,5273468
27-01-2026 20:00,Z2,29,Weekday,1019675
27-01-2026 20:00,Z3,29,Weekday,678488
27-01-2026 21:00,Z1,26,Weekday,4699770
27-01-2026 21:00,Z2,26,Weekday,908879
27-01-2026 21:00,Z3,26,Weekday,506558
27-01-2026 22:00,Z1,33,Weekday,3994005
27-01-2026 22:00,Z2,33,Weekday,870287
27-01-2026 22:00,Z3,33,Weekday,586237
27-01-2026 23:00,Z1,36,Weekday,4331041
27-01-2026 23:00,Z2,36,Weekday,853059
27-01-2026 23:00,Z3,36,Weekday,591614
28-01-2026 00:00,Z1,36,Weekday,4519872
28-01-2026 00:00,Z2,36,Weekday,890297
28-01-2026 00:00,Z3,36,Weekday,509217
28-01-2026 01:00,Z1,30,Weekday,4523489
28-01-2026 01:00,Z2,30,Weekday,786706
28-01-2026 01:00,Z3,30,Weekday,588967
28-01-2026 02:00,Z1,37,Weekday,4531904
28-01-2026 02:00,Z2,37,Weekday,828105
28-01-2026 02:00,Z3,37,Weekday,493291
28-01-2026 03:00,Z1,20,Weekday,3967682
28-01-2026 03:00,Z2,20,Weekday,779780
28-01-2026 03:00,Z3,20,Weekday,579031
28-01-2026 04:00,Z1,34,Weekday,4126704
28-01-2026 04:00,Z2,34,Weekday,785210
28-01-2026 04:00,Z3,34,Weekday,555491
28-01-2026 05:00,Z1,36,Weekday,3962457
28-01-2026 05:00,Z2,36,Weekday,807978
28-01-2026 05:00,Z3,36,Weekday,505007
28-01-2026 06:00,Z1,36,Weekday,3933257
28-01-2026 06:00,Z2,36,Weekday,895224
28-01-2026 06:00,Z3,36,Weekday,514112
28-01-2026 07:00,Z1,37,Weekday,4019051
28-01-2026 07:00,Z2,37,Weekday,823396
28-01-2026 07:00,Z3,37,Weekday,531590
28-01-2026 08:00,Z1,22,Weekday,5083009
28-01-2026 08:00,Z2,22,Weekday,1055379
28-01-2026 08:00,Z3,22,Weekday,658753
28-01-2026 09:00,Z1,27,Weekday,4774120
28-01-2026 09:00,Z2,27,Weekday,987882
28-01-2026 09:00,Z3,27,Weekday,669978
28-01-2026 10:00,Z1,27,Weekday,4868907
28-01-2026 10:00,Z2,27,Weekday,1066539
28-01-2026 10:00,Z3,27,Weekday,709055
28-01-2026 11:00,Z1,25,Weekday,4653499
28-01-2026 11:00,Z2,25,Weekday,877860
28-01-2026 11:00,Z3,25,Weekday,546886
28-01-2026 12:00,Z1,37,Weekday,4437500
28-01-2026 12:00,Z2,37,Weekday,879983
28-01-2026 12:00,Z3,37,Weekday,494470
28-01-2026 13:00,Z1,24,Weekday,4233432
28-01-2026 13:00,Z2,24,Weekday,838910
28-01-2026 13:00,Z3,24,Weekday,596626
28-01-2026 14:00,Z1,36,Weekday,4431354
28-01-2026 14:00,Z2,36,Weekday,789914
28-01-2026 14:00,Z3,36,Weekday,554085
28-01-2026 15:00,Z1,37,Weekday,4514754
28-01-2026 15:00,Z2,37,Weekday,779902
28-01-2026 15:00,Z3,37,Weekday,537456
28-01-2026 16:00,Z1,29,Weekday,4095553
28-01-2026 16:00,Z2,29,Weekday,939271
28-01-2026 16:00,Z3,29,Weekday,572633
28-01-2026 17:00,Z1,35,Weekday,4820576
28-01-2026 17:00,Z2,35,Weekday,1082517
28-01-2026 17:00,Z3,35,Weekday,639085
28-01-2026 18:00,Z1,36,Weekday,5118972
28-01-2026 18:00,Z2,36,Weekday,1034370
28-01-2026 18:00,Z3,36,Weekday,706144
28-01-2026 19:00,Z1,27,Weekday,5169497
28-01-2026 19:00,Z2,27,Weekday,981905
28-01-2026 19:00,Z3,27,Weekday,706339
28-01-2026 20:00,Z1,32,Weekday,5432541
28-01-2026 20:00,Z2,32,Weekday,980576
28-01-2026 20:00,Z3,32,Weekday,703930
28-01-2026 21:00,Z1,36,Weekday,4426166
28-01-2026 21:00,Z2,36,Weekday,765583
28-01-2026 21:00,Z3,36,Weekday,585902
28-01-2026 22:00,Z1,20,Weekday,4634176
28-01-2026 22:00,Z2,20,Weekday,773316
28-01-2026 22:00,Z3,20,Weekday,498117
28-01-2026 23:00,Z1,30,Weekday,4323964
28-01-2026 23:00,Z2,30,Weekday,884962
28-01-2026 23:00,Z3,30,Weekday,553352
29-01-2026 00:00,Z1,28,Weekday,4529600
29-01-2026 00:00,Z2,28,Weekday,909567
29-01-2026 00:00,Z3,28,Weekday,494337
29-01-2026 01:00,Z1,21,Weekday,4343531
29-01-2026 01:00,Z2,21,Weekday,940352
29-01-2026 01:00,Z3,21,Weekday,488725
29-01-2026 02:00,Z1,37,Weekday,4636268
29-01-2026 02:00,Z2,37,Weekday,947556
29-01-2026 02:00,Z3,37,Weekday,599366
29-01-2026 03:00,Z1,29,Weekday,3802256
29-01-2026 03:00,Z2,29,Weekday,919953
29-01-2026 03:00,Z3,29,Weekday,589614
29-01-2026 04:00,Z1,35,Weekday,3813638
29-01-2026 04:00,Z2,35,Weekday,919971
29-01-2026 04:00,Z3,35,Weekday,584720
29-01-2026 05:00,Z1,25,Weekday,4498031
29-01-2026 05:00,Z2,25,Weekday,899729
29-01-2026 05:00,Z3,25,Weekday,561958
29-01-2026 06:00,Z1,20,Weekday,4280880
29-01-2026 06:00,Z2,20,Weekday,842055
29-01-2026 06:00,Z3,20,Weekday,571759
29-01-2026 07:00,Z1,21,Weekday,4334338
29-01-2026 07:00,Z2,21,Weekday,928925
29-01-2026 07:00,Z3,21,Weekday,561517
29-01-2026 08:00,Z1,32,Weekday,5153524
29-01-2026 08:00,Z2,32,Weekday,1050691
29-01-2026 08:00,Z3,32,Weekday,713073
29-01-2026 09:00,Z1,32,Weekday,5490179
29-01-2026 09:00,Z2,32,Weekday,990114
29-01-2026 09:00,Z3,32,Weekday,711611
29-01-2026 10:00,Z1,20,Weekday,5348515
29-01-2026 10:00,Z2,20,Weekday,975374
29-01-2026 10:00,Z3,20,Weekday,666905
29-01-2026 11:00,Z1,36,Weekday,3953003
29-01-2026 11:00,Z2,36,Weekday,873205
29-01-2026 11:00,Z3,36,Weekday,552107
29-01-2026 12:00,Z1,37,Weekday,4232399
29-01-2026 12:00,Z2,37,Weekday,837834
29-01-2026 12:00,Z3,37,Weekday,596524
29-01-2026 13:00,Z1,25,Weekday,4665459
29-01-2026 13:00,Z2,25,Weekday,783391
29-01-2026 13:00,Z3,25,Weekday,614188
29-01-2026 14:00,Z1,36,Weekday,4733220
29-01-2026 14:00,Z2,36,Weekday,932614
29-01-2026 14:00,Z3,36,Weekday,604447
29-01-2026 15:00,Z1,20,Weekday,4616461
29-01-2026 15:00,Z2,20,Weekday,892443
29-01-2026 15:00,Z3,20,Weekday,612939
29-01-2026 16:00,Z1,23,Weekday,4342067
29-01-2026 16:00,Z2,23,Weekday,946977
29-01-2026 16:00,Z3,23,Weekday,538258
29-01-2026 17:00,Z1,28,Weekday,4997386
29-01-2026 17:00,Z2,28,Weekday,1036498
29-01-2026 17:00,Z3,28,Weekday,682981
29-01-2026 18:00,Z1,31,Weekday,5112285
29-01-2026 18:00,Z2,31,Weekday,1048920
29-01-2026 18:00,Z3,31,Weekday,713533
29-01-2026 19:00,Z1,30,Weekday,4877545
29-01-2026 19:00,Z2,30,Weekday,1057392
29-01-2026 19:00,Z3,30,Weekday,704458
29-01-2026 20:00,Z1,29,Weekday,4856561
29-01-2026 20:00,Z2,29,Weekday,982068
29-01-2026 20:00,Z3,29,Weekday,695196
29-01-2026 21:00,Z1,20,Weekday,4723093
29-01-2026 21:00,Z2,20,Weekday,911709
29-01-2026 21:00,Z3,20,Weekday,539522
29-01-2026 22:00,Z1,20,Weekday,4542416
29-01-2026 22:00,Z2,20,Weekday,881571
29-01-2026 22:00,Z3,20,Weekday,502107
29-01-2026 23:00,Z1,32,Weekday,3980735
29-01-2026 23:00,Z2,32,Weekday,751242
29-01-2026 23:00,Z3,32,Weekday,592108
30-01-2026 00:00,Z1,33,Weekday,4053829
30-01-2026 00:00,Z2,33,Weekday,878495
30-01-2026 00:00,Z3,33,Weekday,545047
30-01-2026 01:00,Z1,31,Weekday,4497461
30-01-2026 01:00,Z2,31,Weekday,769875
30-01-2026 01:00,Z3,31,Weekday,503172
30-01-2026 02:00,Z1,35,Weekday,4190176
30-01-2026 02:00,Z2,35,Weekday,840238
30-01-2026 02:00,Z3,35,Weekday,525226
30-01-2026 03:00,Z1,24,Weekday,4301718
30-01-2026 03:00,Z2,24,Weekday,896713
30-01-2026 03:00,Z3,24,Weekday,548989
30-01-2026 04:00,Z1,21,Weekday,4328663
30-01-2026 04:00,Z2,21,Weekday,808033
30-01-2026 04:00,Z3,21,Weekday,616146
30-01-2026 05:00,Z1,29,Weekday,4471438
30-01-2026 05:00,Z2,29,Weekday,752415
30-01-2026 05:00,Z3,29,Weekday,560249
30-01-2026 06:00,Z1,34,Weekday,3797019
30-01-2026 06:00,Z2,34,Weekday,933560
30-01-2026 06:00,Z3,34,Weekday,495733
30-01-2026 07:00,Z1,29,Weekday,4259537
30-01-2026 07:00,Z2,29,Weekday,821268
30-01-2026 07:00,Z3,29,Weekday,604194
30-01-2026 08:00,Z1,23,Weekday,5417164
30-01-2026 08:00,Z2,23,Weekday,1056683
30-01-2026 08:00,Z3,23,Weekday,667130
30-01-2026 09:00,Z1,20,Weekday,4784230
30-01-2026 09:00,Z2,20,Weekday,1038750
30-01-2026 09:00,Z3,20,Weekday,654823
30-01-2026 10:00,Z1,36,Weekday,5023198
30-01-2026 10:00,Z2,36,Weekday,1099687
30-01-2026 10:00,Z3,36,Weekday,680769
30-01-2026 11:00,Z1,23,Weekday,4159082
30-01-2026 11:00,Z2,23,Weekday,852389
30-01-2026 11:00,Z3,23,Weekday,598848
30-01-2026 12:00,Z1,28,Weekday,4507967
30-01-2026 12:00,Z2,28,Weekday,895462
30-01-2026 12:00,Z3,28,Weekday,609901
30-01-2026 13:00,Z1,32,Weekday,3936994
30-01-2026 13:00,Z2,32,Weekday,897127
30-01-2026 13:00,Z3,32,Weekday,604347
30-01-2026 14:00,Z1,30,Weekday,4523721
30-01-2026 14:00,Z2,30,Weekday,790515
30-01-2026 14:00,Z3,30,Weekday,597686
30-01-2026 15:00,Z1,36,Weekday,4685630
30-01-2026 15:00,Z2,36,Weekday,797119
30-01-2026 15:00,Z3,36,Weekday,525476
30-01-2026 16:00,Z1,22,Weekday,4149788
30-01-2026 16:00,Z2,22,Weekday,773280
30-01-2026 16:00,Z3,22,Weekday,569223
30-01-2026 17:00,Z1,34,Weekday,4911224
30-01-2026 17:00,Z2,34,Weekday,1085388
30-01-2026 17:00,Z3,34,Weekday,705427
30-01-2026 18:00,Z1,26,Weekday,5280733
30-01-2026 18:00,Z2,26,Weekday,963658
30-01-2026 18:00,Z3,26,Weekday,650469
30-01-2026 19:00,Z1,37,Weekday,4788905
30-01-2026 19:00,Z2,37,Weekday,1000973
30-01-2026 19:00,Z3,37,Weekday,710936
30-01-2026 20:00,Z1,20,Weekday,4762125
30-01-2026 20:00,Z2,20,Weekday,990080
30-01-2026 20:00,Z3,20,Weekday,637552
30-01-2026 21:00,Z1,26,Weekday,3998067
30-01-2026 21:00,Z2,26,Weekday,851390
30-01-2026 21:00,Z3,26,Weekday,567955
30-01-2026 22:00,Z1,30,Weekday,4134400
30-01-2026 22:00,Z2,30,Weekday,880764
30-01-2026 22:00,Z3,30,Weekday,508830
30-01-2026 23:00,Z1,21,Weekday,4223214
30-01-2026 23:00,Z2,21,Weekday,796334
30-01-2026 23:00,Z3,21,Weekday,550692
